Date,Open,High,Low,Close,Adj Close,Volume
2015-04-01,16.620001,17.044001,16.620001,17.044001,17.044001,24
2015-04-02,16.686001,16.686001,16.686001,16.686001,16.686001,50
2015-04-05,null,null,null,null,null,null
2015-04-06,17.035000,17.094999,17.035000,17.094999,17.094999,0
2015-04-07,16.825001,16.825001,16.825001,16.825001,16.825001,17
2015-04-08,16.440001,16.440001,16.440001,16.440001,16.440001,200
2015-04-09,16.164000,16.164000,16.164000,16.164000,16.164000,0
2015-04-10,16.370001,16.400000,16.370001,16.370001,16.370001,99
2015-04-12,null,null,null,null,null,null
2015-04-13,16.280001,16.280001,16.280001,16.280001,16.280001,5
2015-04-14,16.150999,16.150999,16.150999,16.150999,16.150999,0
2015-04-15,16.268999,16.268999,16.268999,16.268999,16.268999,23
2015-04-16,16.150000,16.285000,16.150000,16.275999,16.275999,0
2015-04-17,16.221001,16.221001,16.221001,16.221001,16.221001,12
2015-04-19,null,null,null,null,null,null
2015-04-20,15.883000,15.883000,15.883000,15.883000,15.883000,0
2015-04-21,15.920000,16.002001,15.920000,16.002001,16.002001,0
2015-04-22,15.791000,15.791000,15.791000,15.791000,15.791000,1
2015-04-23,15.824000,15.824000,15.824000,15.824000,15.824000,0
2015-04-24,15.631000,15.631000,15.631000,15.631000,15.631000,0
2015-04-26,null,null,null,null,null,null
2015-04-27,15.935000,16.389999,15.935000,16.389999,16.389999,0
2015-04-28,16.587000,16.587000,16.587000,16.587000,16.587000,70
2015-04-29,16.570000,16.684999,16.385000,16.670000,16.670000,60635
2015-04-30,16.545000,16.700001,15.815000,16.124001,16.124001,16432
2015-05-01,16.090000,16.190001,15.905000,16.111000,16.111000,2479
2015-05-03,null,null,null,null,null,null
2015-05-04,16.150000,16.695000,16.150000,16.417999,16.417999,733
2015-05-05,16.389999,16.570000,16.350000,16.556999,16.556999,71
2015-05-06,16.520000,16.545000,16.379999,16.483999,16.483999,47
2015-05-07,16.330000,16.330000,16.230000,16.271999,16.271999,98
2015-05-08,16.370001,16.455000,16.320000,16.441999,16.441999,101
2015-05-10,null,null,null,null,null,null
2015-05-11,16.475000,16.475000,16.215000,16.298000,16.298000,67
2015-05-12,16.465000,16.540001,16.305000,16.510000,16.510000,242
2015-05-13,16.525000,17.207001,16.525000,17.207001,17.207001,28
2015-05-14,17.125000,17.448999,17.125000,17.448999,17.448999,137
2015-05-15,17.485001,17.545000,17.334999,17.545000,17.545000,15
2015-05-17,null,null,null,null,null,null
2015-05-18,17.620001,17.712000,17.594999,17.712000,17.712000,44
2015-05-19,17.465000,17.465000,16.905001,17.049999,17.049999,215
2015-05-20,17.091999,17.100000,17.091999,17.091999,17.091999,24
2015-05-21,17.065001,17.184999,17.065001,17.111000,17.111000,8
2015-05-22,17.030001,17.090000,17.030001,17.030001,17.030001,11
2015-05-24,null,null,null,null,null,null
2015-05-26,16.995001,17.080000,16.733999,16.733999,16.733999,15
2015-05-27,16.650000,16.695000,16.638000,16.638000,16.638000,114
2015-05-28,16.665001,16.750000,16.555000,16.653000,16.653000,94
2015-05-29,16.684999,16.690001,16.670000,16.684000,16.684000,73
2015-05-31,null,null,null,null,null,null
2015-06-01,16.635000,17.100000,16.615000,16.664000,16.664000,24
2015-06-02,16.783001,16.783001,16.783001,16.783001,16.783001,24
2015-06-03,16.375000,16.464001,16.370001,16.464001,16.464001,0
2015-06-04,16.115000,16.135000,16.089001,16.089001,16.089001,2
2015-06-05,15.980000,16.059999,15.940000,15.971000,15.971000,11
2015-06-07,null,null,null,null,null,null
2015-06-08,16.035000,16.059999,15.900000,15.951000,15.951000,14
2015-06-09,15.970000,15.970000,15.949000,15.949000,15.949000,16
2015-06-10,15.952000,15.952000,15.952000,15.952000,15.952000,1
2015-06-11,15.945000,15.953000,15.945000,15.953000,15.953000,0
2015-06-12,15.995000,15.995000,15.818000,15.818000,15.818000,5
2015-06-14,null,null,null,null,null,null
2015-06-15,16.200001,16.200001,16.076000,16.076000,16.076000,5
2015-06-16,15.958000,15.958000,15.958000,15.958000,15.958000,2
2015-06-17,15.940000,15.940000,15.940000,15.940000,15.940000,0
2015-06-18,16.148001,16.148001,16.148001,16.148001,16.148001,2
2015-06-19,16.104000,16.104000,16.104000,16.104000,16.104000,46
2015-06-21,null,null,null,null,null,null
2015-06-22,16.100000,16.136999,16.100000,16.136999,16.136999,0
2015-06-23,15.790000,15.825000,15.732000,15.732000,15.732000,1
2015-06-24,15.840000,15.855000,15.840000,15.848000,15.848000,4
2015-06-25,15.805000,15.805000,15.805000,15.805000,15.805000,21
2015-06-26,15.725000,15.735000,15.725000,15.735000,15.735000,1
2015-06-28,null,null,null,null,null,null
2015-06-29,15.935000,15.995000,15.635000,15.664000,15.664000,56759
2015-06-30,15.725000,15.770000,15.420000,15.551000,15.551000,19508
2015-07-01,15.635000,15.640000,15.490000,15.552000,15.552000,1989
2015-07-02,15.470000,15.695000,15.445000,15.537000,15.537000,220
2015-07-05,null,null,null,null,null,null
2015-07-06,15.655000,15.726000,15.485000,15.726000,15.726000,257
2015-07-07,15.595000,15.595000,14.805000,14.950000,14.950000,87
2015-07-08,15.045000,15.147000,14.740000,15.147000,15.147000,1041
2015-07-09,15.140000,15.440000,15.140000,15.345000,15.345000,109
2015-07-10,15.330000,15.585000,15.330000,15.468000,15.468000,366
2015-07-12,null,null,null,null,null,null
2015-07-13,15.495000,15.495000,15.300000,15.436000,15.436000,51
2015-07-14,15.360000,15.380000,15.295000,15.295000,15.295000,152
2015-07-15,15.045000,15.045000,14.990000,15.028000,15.028000,27
2015-07-16,14.990000,14.990000,14.964000,14.964000,14.964000,86
2015-07-17,14.935000,14.935000,14.820000,14.820000,14.820000,12
2015-07-19,null,null,null,null,null,null
2015-07-20,14.715000,14.905000,14.485000,14.745000,14.745000,62
2015-07-21,14.615000,14.835000,14.615000,14.769000,14.769000,46
2015-07-22,14.714000,14.714000,14.714000,14.714000,14.714000,102
2015-07-23,14.683000,14.683000,14.635000,14.683000,14.683000,10
2015-07-24,14.595000,14.630000,14.330000,14.477000,14.477000,172
2015-07-26,null,null,null,null,null,null
2015-07-27,14.610000,14.650000,14.560000,14.594000,14.594000,29
2015-07-28,14.640000,14.640000,14.631000,14.631000,14.631000,18
2015-07-29,14.640000,14.734000,14.640000,14.734000,14.734000,168
2015-07-30,14.750000,14.785000,14.630000,14.691000,14.691000,206
2015-07-31,14.855000,14.865000,14.746000,14.746000,14.746000,39
2015-08-02,null,null,null,null,null,null
2015-08-03,14.730000,14.730000,14.415000,14.516000,14.516000,101
2015-08-04,14.605000,14.605000,14.550000,14.550000,14.550000,131
2015-08-05,14.546000,14.546000,14.546000,14.546000,14.546000,119
2015-08-06,14.670000,14.670000,14.670000,14.670000,14.670000,1
2015-08-07,14.816000,14.816000,14.816000,14.816000,14.816000,0
2015-08-09,null,null,null,null,null,null
2015-08-10,14.890000,15.335000,14.890000,15.289000,15.289000,16
2015-08-11,15.220000,15.281000,15.220000,15.281000,15.281000,6
2015-08-12,15.480000,15.510000,15.473000,15.473000,15.473000,15
2015-08-13,15.396000,15.396000,15.396000,15.396000,15.396000,4
2015-08-14,15.210000,15.210000,15.175000,15.210000,15.210000,0
2015-08-16,null,null,null,null,null,null
2015-08-17,15.295000,15.295000,15.295000,15.295000,15.295000,1
2015-08-18,14.787000,14.787000,14.787000,14.787000,14.787000,0
2015-08-19,15.176000,15.176000,15.176000,15.176000,15.176000,0
2015-08-20,15.465000,15.517000,15.465000,15.517000,15.517000,0
2015-08-21,15.301000,15.301000,15.301000,15.301000,15.301000,252
2015-08-23,null,null,null,null,null,null
2015-08-24,14.762000,14.762000,14.762000,14.762000,14.762000,0
2015-08-25,14.610000,14.655000,14.610000,14.610000,14.610000,9
2015-08-26,14.665000,14.700000,14.045000,14.045000,14.045000,13
2015-08-27,14.185000,14.421000,14.130000,14.421000,14.421000,35
2015-08-28,14.470000,14.650000,14.340000,14.535000,14.535000,59871
2015-08-30,null,null,null,null,null,null
2015-08-31,14.510000,14.635000,14.390000,14.577000,14.577000,13209
2015-09-01,14.620000,14.715000,14.515000,14.613000,14.613000,1441
2015-09-02,14.535000,14.810000,14.445000,14.661000,14.661000,779
2015-09-03,14.740000,14.925000,14.555000,14.702000,14.702000,382
2015-09-04,14.670000,14.810000,14.500000,14.544000,14.544000,123
2015-09-06,null,null,null,null,null,null
2015-09-08,14.630000,14.855000,14.440000,14.750000,14.750000,120
2015-09-09,14.790000,14.865000,14.565000,14.568000,14.568000,233
2015-09-10,14.575000,14.815000,14.565000,14.634000,14.634000,85
2015-09-11,14.700000,14.705000,14.280000,14.490000,14.490000,155
2015-09-13,null,null,null,null,null,null
2015-09-14,14.510000,14.535000,14.355000,14.357000,14.357000,47
2015-09-15,14.375000,14.375000,14.265000,14.319000,14.319000,33
2015-09-16,14.510000,14.900000,14.510000,14.878000,14.878000,24
2015-09-17,14.905000,15.205000,14.850000,14.975000,14.975000,25
2015-09-18,15.265000,15.265000,15.154000,15.154000,15.154000,28
2015-09-20,null,null,null,null,null,null
2015-09-21,15.150000,15.235000,15.150000,15.216000,15.216000,3
2015-09-22,14.770000,14.790000,14.750000,14.750000,14.750000,57
2015-09-23,14.740000,14.840000,14.740000,14.780000,14.780000,37
2015-09-24,14.745000,15.125000,14.745000,15.125000,15.125000,12
2015-09-25,15.065000,15.120000,15.030000,15.106000,15.106000,189
2015-09-27,null,null,null,null,null,null
2015-09-28,14.615000,14.620000,14.538000,14.538000,14.538000,21
2015-09-29,14.630000,14.640000,14.569000,14.569000,14.569000,37
2015-09-30,14.513000,14.513000,14.480000,14.513000,14.513000,19
2015-10-01,14.515000,14.515000,14.465000,14.506000,14.506000,10
2015-10-02,14.410000,15.257000,14.410000,15.257000,15.257000,15
2015-10-04,null,null,null,null,null,null
2015-10-05,15.140000,15.702000,15.140000,15.702000,15.702000,3
2015-10-06,15.590000,15.985000,15.590000,15.979000,15.979000,8
2015-10-07,15.850000,16.087999,15.850000,16.087999,16.087999,37
2015-10-08,15.610000,15.760000,15.610000,15.760000,15.760000,10
2015-10-09,15.809000,15.815000,15.809000,15.809000,15.809000,7
2015-10-11,null,null,null,null,null,null
2015-10-12,15.855000,15.855000,15.855000,15.855000,15.855000,1
2015-10-13,15.710000,15.897000,15.700000,15.897000,15.897000,5
2015-10-14,16.010000,16.105000,15.980000,16.101999,16.101999,15
2015-10-15,16.135000,16.152000,16.000000,16.152000,16.152000,18
2015-10-16,16.101999,16.101999,16.101999,16.101999,16.101999,16
2015-10-18,null,null,null,null,null,null
2015-10-19,15.820000,15.829000,15.820000,15.829000,15.829000,12
2015-10-20,15.905000,15.905000,15.890000,15.905000,15.905000,1
2015-10-21,15.696000,15.696000,15.696000,15.696000,15.696000,6
2015-10-22,15.823000,15.823000,15.823000,15.823000,15.823000,10
2015-10-23,15.818000,15.860000,15.818000,15.818000,15.818000,0
2015-10-25,null,null,null,null,null,null
2015-10-26,15.900000,15.900000,15.900000,15.900000,15.900000,5
2015-10-27,15.830000,15.858000,15.830000,15.858000,15.858000,1
2015-10-28,16.059999,16.288000,16.059999,16.288000,16.288000,7
2015-10-29,15.875000,15.975000,15.544000,15.544000,15.544000,45
2015-10-30,15.575000,15.575000,15.530000,15.566000,15.566000,31
2015-11-01,null,null,null,null,null,null
2015-11-02,15.413000,15.413000,15.413000,15.413000,15.413000,19
2015-11-03,15.385000,15.385000,15.244000,15.244000,15.244000,4
2015-11-04,15.200000,15.200000,15.063000,15.063000,15.063000,1
2015-11-05,14.988000,14.988000,14.988000,14.988000,14.988000,1
2015-11-06,15.035000,15.045000,14.696000,14.696000,14.696000,0
2015-11-08,null,null,null,null,null,null
2015-11-09,14.418000,14.418000,14.418000,14.418000,14.418000,14
2015-11-10,14.356000,14.356000,14.356000,14.356000,14.356000,0
2015-11-11,14.310000,14.310000,14.262000,14.262000,14.262000,3
2015-11-12,14.450000,14.450000,14.224000,14.224000,14.224000,10
2015-11-13,14.203000,14.203000,14.203000,14.203000,14.203000,16
2015-11-15,null,null,null,null,null,null
2015-11-16,14.450000,14.455000,14.185000,14.221000,14.221000,0
2015-11-17,14.135000,14.170000,14.135000,14.170000,14.170000,4
2015-11-18,14.020000,14.100000,14.020000,14.080000,14.080000,2
2015-11-19,14.242000,14.242000,14.242000,14.242000,14.242000,14
2015-11-20,14.106000,14.106000,14.106000,14.106000,14.106000,33
2015-11-22,null,null,null,null,null,null
2015-11-23,14.042000,14.145000,14.042000,14.042000,14.042000,1
2015-11-24,14.275000,14.280000,14.169000,14.169000,14.169000,3
2015-11-25,14.168000,14.168000,14.168000,14.168000,14.168000,5
2015-11-27,14.160000,14.350000,13.905000,14.008000,14.008000,54195
2015-11-29,null,null,null,null,null,null
2015-11-30,14.020000,14.155000,13.955000,14.050000,14.050000,17231
2015-12-01,14.040000,14.215000,14.040000,14.055000,14.055000,1623
2015-12-02,14.125000,14.140000,13.890000,13.979000,13.979000,281
2015-12-03,13.855000,14.095000,13.770000,14.053000,14.053000,210
2015-12-04,14.050000,14.555000,14.050000,14.505000,14.505000,498
2015-12-06,null,null,null,null,null,null
2015-12-07,14.480000,14.605000,14.307000,14.307000,14.307000,92
2015-12-08,14.195000,14.250000,14.091000,14.091000,14.091000,60
2015-12-09,14.140000,14.265000,14.110000,14.164000,14.164000,72
2015-12-10,14.110000,14.115000,14.080000,14.085000,14.085000,37
2015-12-11,14.025000,14.025000,13.859000,13.859000,13.859000,6
2015-12-13,null,null,null,null,null,null
2015-12-14,13.875000,13.925000,13.666000,13.666000,13.666000,20
2015-12-15,13.635000,13.740000,13.635000,13.740000,13.740000,90
2015-12-16,13.760000,14.235000,13.760000,14.218000,14.218000,2
2015-12-17,13.885000,13.885000,13.683000,13.683000,13.683000,22
2015-12-18,13.820000,14.160000,13.820000,14.080000,14.080000,150
2015-12-20,null,null,null,null,null,null
2015-12-21,14.105000,14.301000,14.105000,14.301000,14.301000,20
2015-12-22,14.225000,14.380000,14.225000,14.302000,14.302000,19
2015-12-23,14.300000,14.300000,14.240000,14.277000,14.277000,35
2015-12-24,14.365000,14.369000,14.365000,14.369000,14.369000,71
2015-12-27,null,null,null,null,null,null
2015-12-28,14.035000,14.035000,13.855000,13.873000,13.873000,4
2015-12-29,14.020000,14.020000,13.917000,13.917000,13.917000,10
2015-12-30,13.925000,13.925000,13.745000,13.814000,13.814000,108
2015-12-31,13.775000,13.775000,13.775000,13.775000,13.775000,106
2016-01-03,null,null,null,null,null,null
2016-01-04,14.100000,14.100000,13.817000,13.817000,13.817000,13
2016-01-05,13.949000,13.949000,13.949000,13.949000,13.949000,27
2016-01-06,14.000000,14.065000,13.957000,13.957000,13.957000,4
2016-01-07,14.335000,14.340000,14.330000,14.335000,14.335000,105
2016-01-08,14.060000,14.060000,13.908000,13.908000,13.908000,286
2016-01-10,null,null,null,null,null,null
2016-01-11,13.950000,14.010000,13.855000,13.855000,13.855000,6
2016-01-12,13.860000,13.860000,13.710000,13.740000,13.740000,17
2016-01-13,13.850000,14.145000,13.850000,14.145000,14.145000,15
2016-01-14,13.737000,13.737000,13.737000,13.737000,13.737000,17
2016-01-15,13.884000,13.884000,13.884000,13.884000,13.884000,1
2016-01-17,null,null,null,null,null,null
2016-01-18,null,null,null,null,null,null
2016-01-19,14.065000,14.110000,14.065000,14.110000,14.110000,0
2016-01-20,14.147000,14.147000,14.147000,14.147000,14.147000,3
2016-01-21,14.083000,14.083000,14.083000,14.083000,14.083000,1
2016-01-22,14.290000,14.290000,14.043000,14.043000,14.043000,2
2016-01-24,null,null,null,null,null,null
2016-01-25,14.095000,14.240000,14.095000,14.240000,14.240000,7
2016-01-26,14.385000,14.544000,14.385000,14.544000,14.544000,8
2016-01-27,14.440000,14.440000,14.440000,14.440000,14.440000,1
2016-01-28,14.355000,14.355000,14.215000,14.216000,14.216000,53
2016-01-29,14.229000,14.265000,14.229000,14.229000,14.229000,27
2016-01-31,null,null,null,null,null,null
2016-02-01,14.245000,14.370000,14.235000,14.329000,14.329000,27
2016-02-02,14.260000,14.276000,14.255000,14.276000,14.276000,9
2016-02-03,14.400000,14.775000,14.400000,14.720000,14.720000,2
2016-02-04,14.765000,14.900000,14.735000,14.836000,14.836000,47
2016-02-05,14.860000,14.900000,14.725000,14.764000,14.764000,23
2016-02-07,null,null,null,null,null,null
2016-02-08,14.910000,15.420000,14.910000,15.416000,15.416000,7
2016-02-09,15.390000,15.444000,15.340000,15.444000,15.444000,62
2016-02-10,15.277000,15.300000,15.277000,15.277000,15.277000,18
2016-02-11,15.300000,15.789000,15.300000,15.789000,15.789000,3
2016-02-12,15.730000,15.785000,15.730000,15.785000,15.785000,58
2016-02-14,null,null,null,null,null,null
2016-02-15,null,null,null,null,null,null
2016-02-16,15.385000,15.385000,15.329000,15.329000,15.329000,2
2016-02-17,15.372000,15.372000,15.372000,15.372000,15.372000,7
2016-02-18,15.427000,15.427000,15.427000,15.427000,15.427000,0
2016-02-19,15.368000,15.368000,15.368000,15.368000,15.368000,0
2016-02-21,null,null,null,null,null,null
2016-02-22,15.179000,15.179000,15.179000,15.179000,15.179000,1
2016-02-23,15.235000,15.235000,15.235000,15.235000,15.235000,1
2016-02-24,15.292000,15.292000,15.292000,15.292000,15.292000,0
2016-02-25,15.185000,15.185000,15.165000,15.165000,15.165000,1
2016-02-26,15.135000,15.230000,14.675000,14.689000,14.689000,68976
2016-02-28,null,null,null,null,null,null
2016-02-29,14.735000,14.925000,14.610000,14.896000,14.896000,23335
2016-03-01,14.925000,15.040000,14.725000,14.733000,14.733000,1598
2016-03-02,14.810000,15.003000,14.760000,15.003000,15.003000,921
2016-03-03,14.945000,15.330000,14.920000,15.131000,15.131000,809
2016-03-04,15.220000,15.780000,15.140000,15.681000,15.681000,678
2016-03-06,null,null,null,null,null,null
2016-03-07,15.570000,15.795000,15.525000,15.623000,15.623000,912
2016-03-08,15.710000,15.750000,15.365000,15.384000,15.384000,933
2016-03-09,15.385000,15.395000,15.195000,15.355000,15.355000,906
2016-03-10,15.315000,15.625000,15.175000,15.546000,15.546000,163
2016-03-11,15.605000,15.660000,15.550000,15.607000,15.607000,571
2016-03-13,null,null,null,null,null,null
2016-03-14,15.550000,15.800000,15.370000,15.518000,15.518000,379
2016-03-15,15.385000,15.410000,15.245000,15.255000,15.255000,276
2016-03-16,15.270000,15.660000,15.214000,15.214000,15.214000,259
2016-03-17,15.630000,16.035000,15.595000,16.021999,16.021999,167
2016-03-18,16.084999,16.150000,15.806000,15.806000,15.806000,382
2016-03-20,null,null,null,null,null,null
2016-03-21,15.795000,15.860000,15.750000,15.841000,15.841000,118
2016-03-22,15.950000,15.955000,15.845000,15.877000,15.877000,21
2016-03-23,15.500000,15.500000,15.255000,15.263000,15.263000,45
2016-03-24,15.290000,15.315000,15.180000,15.191000,15.191000,215
2016-03-27,null,null,null,null,null,null
2016-03-28,15.180000,15.325000,15.180000,15.194000,15.194000,73
2016-03-29,15.115000,15.237000,15.115000,15.237000,15.237000,91
2016-03-30,15.365000,15.365000,15.206000,15.206000,15.206000,60
2016-03-31,15.420000,15.460000,15.420000,15.460000,15.460000,36
2016-04-01,15.042000,15.042000,15.042000,15.042000,15.042000,39
2016-04-03,null,null,null,null,null,null
2016-04-04,15.020000,15.020000,14.942000,14.942000,14.942000,4
2016-04-05,15.114000,15.114000,15.114000,15.114000,15.114000,4
2016-04-06,15.052000,15.052000,15.052000,15.052000,15.052000,8
2016-04-07,15.156000,15.156000,15.156000,15.156000,15.156000,12
2016-04-08,15.382000,15.382000,15.382000,15.382000,15.382000,12
2016-04-10,null,null,null,null,null,null
2016-04-11,15.470000,15.974000,15.470000,15.974000,15.974000,14
2016-04-12,15.960000,16.219999,15.960000,16.219999,16.219999,14
2016-04-13,16.125000,16.323000,16.125000,16.323000,16.323000,7
2016-04-14,16.065001,16.190001,16.065001,16.169001,16.169001,4
2016-04-15,16.240000,16.309000,16.165001,16.309000,16.309000,2
2016-04-17,null,null,null,null,null,null
2016-04-18,16.215000,16.249001,16.215000,16.249001,16.249001,35
2016-04-19,16.968000,16.968000,16.968000,16.968000,16.968000,4
2016-04-20,16.965000,17.131001,16.940001,17.131001,17.131001,2
2016-04-21,17.086000,17.086000,17.086000,17.086000,17.086000,2
2016-04-22,16.896000,16.896000,16.896000,16.896000,16.896000,0
2016-04-24,null,null,null,null,null,null
2016-04-25,17.004999,17.004999,17.004999,17.004999,17.004999,7
2016-04-26,17.106001,17.106001,17.106001,17.106001,17.106001,1
2016-04-27,17.285999,17.285999,17.285999,17.285999,17.285999,2
2016-04-28,17.230000,17.655001,17.139999,17.552999,17.552999,75957
2016-04-29,17.590000,17.990000,17.590000,17.789000,17.789000,24298
2016-05-01,null,null,null,null,null,null
2016-05-02,17.850000,18.030001,17.520000,17.656000,17.656000,4872
2016-05-03,17.584999,17.730000,17.360001,17.474001,17.474001,1122
2016-05-04,17.475000,17.475000,17.200001,17.277000,17.277000,452
2016-05-05,17.365000,17.605000,17.270000,17.302000,17.302000,421
2016-05-06,17.340000,17.590000,17.334999,17.507000,17.507000,242
2016-05-08,null,null,null,null,null,null
2016-05-09,17.469999,17.475000,16.959999,17.070000,17.070000,128
2016-05-10,16.969999,17.129999,16.959999,17.075001,17.075001,368
2016-05-11,17.235001,17.575001,17.230000,17.302000,17.302000,190
2016-05-12,17.320000,17.320000,17.087000,17.087000,17.087000,58
2016-05-13,17.155001,17.180000,16.985001,17.115000,17.115000,36
2016-05-15,null,null,null,null,null,null
2016-05-16,17.219999,17.219999,17.142000,17.142000,17.142000,54
2016-05-17,17.320000,17.320000,17.235001,17.235001,17.235001,30
2016-05-18,17.145000,17.145000,16.799999,17.120001,17.120001,65
2016-05-19,16.910000,16.910000,16.415001,16.479000,16.479000,78
2016-05-20,16.465000,16.518999,16.465000,16.518999,16.518999,80
2016-05-22,null,null,null,null,null,null
2016-05-23,16.320000,16.434999,16.320000,16.410000,16.410000,2
2016-05-24,16.320000,16.320000,16.238001,16.238001,16.238001,23
2016-05-25,16.245001,16.334999,16.245001,16.254999,16.254999,10
2016-05-26,16.285000,16.455000,16.280001,16.337999,16.337999,205
2016-05-27,16.295000,16.325001,16.174999,16.246000,16.246000,197
2016-05-29,null,null,null,null,null,null
2016-05-31,16.010000,16.105000,15.960000,15.972000,15.972000,400
2016-06-01,16.000000,16.000000,15.906000,15.906000,15.906000,80
2016-06-02,16.025000,16.025000,16.004999,16.004999,16.004999,7
2016-06-03,16.350000,16.430000,16.344999,16.346001,16.346001,2
2016-06-05,null,null,null,null,null,null
2016-06-06,16.427999,16.427999,16.427999,16.427999,16.427999,7
2016-06-07,16.377001,16.377001,16.377001,16.377001,16.377001,0
2016-06-08,16.549999,17.049999,16.549999,16.968000,16.968000,10
2016-06-09,17.129999,17.253000,16.980000,17.253000,17.253000,10
2016-06-10,17.315001,17.315001,17.315001,17.315001,17.315001,25
2016-06-12,null,null,null,null,null,null
2016-06-13,17.427999,17.427999,17.427999,17.427999,17.427999,0
2016-06-14,17.410000,17.410000,17.410000,17.410000,17.410000,0
2016-06-15,17.490000,17.490000,17.489000,17.489000,17.489000,1
2016-06-16,17.700001,17.700001,17.254999,17.594000,17.594000,1
2016-06-17,17.420000,17.455000,17.400000,17.400000,17.400000,10
2016-06-19,null,null,null,null,null,null
2016-06-20,17.445000,17.503000,17.445000,17.503000,17.503000,2
2016-06-21,17.311001,17.311001,17.311001,17.311001,17.311001,3
2016-06-22,17.230000,17.305000,17.230000,17.305000,17.305000,80
2016-06-23,17.348000,17.348000,17.348000,17.348000,17.348000,3
2016-06-24,17.215000,17.825001,17.215000,17.785000,17.785000,34
2016-06-26,null,null,null,null,null,null
2016-06-27,17.865000,17.865000,17.740000,17.740000,17.740000,64
2016-06-28,17.839001,17.839001,17.839001,17.839001,17.839001,1
2016-06-29,17.799999,18.514999,17.799999,18.362000,18.362000,61138
2016-06-30,18.315001,18.855000,18.245001,18.582001,18.582001,26073
2016-07-01,18.790001,19.924999,18.775000,19.544001,19.544001,1444
2016-07-03,null,null,null,null,null,null
2016-07-05,19.754999,21.094999,19.625000,19.865999,19.865999,1083
2016-07-06,20.330000,20.495001,19.945000,20.160000,20.160000,948
2016-07-07,20.139999,20.219999,19.530001,19.798000,19.798000,407
2016-07-08,19.735001,20.209999,19.400000,20.058001,20.058001,536
2016-07-10,null,null,null,null,null,null
2016-07-11,20.370001,20.605000,20.215000,20.264000,20.264000,384
2016-07-12,20.410000,20.465000,20.100000,20.129999,20.129999,138
2016-07-13,20.385000,20.420000,20.195000,20.370001,20.370001,141
2016-07-14,20.440001,20.440001,20.084999,20.281000,20.281000,86
2016-07-15,20.230000,20.230000,20.080000,20.125000,20.125000,115
2016-07-17,null,null,null,null,null,null
2016-07-18,20.025000,20.094999,19.745001,20.044001,20.044001,93
2016-07-19,19.959999,20.010000,19.920000,19.975000,19.975000,301
2016-07-20,19.625000,19.625000,19.410000,19.582001,19.582001,46
2016-07-21,19.375000,19.784000,19.325001,19.784000,19.784000,136
2016-07-22,19.790001,19.795000,19.657000,19.657000,19.657000,28
2016-07-24,null,null,null,null,null,null
2016-07-25,19.500000,19.665001,19.400000,19.615000,19.615000,75
2016-07-26,19.674999,19.684999,19.590000,19.655001,19.655001,122
2016-07-27,19.965000,19.965000,19.965000,19.965000,19.965000,171
2016-07-28,20.290001,20.500000,20.160000,20.160000,20.160000,124
2016-07-29,20.200001,20.312000,20.070000,20.312000,20.312000,23
2016-07-31,null,null,null,null,null,null
2016-08-01,20.495001,20.655001,20.465000,20.465000,20.465000,90
2016-08-02,20.405001,20.750000,20.405001,20.666000,20.666000,19
2016-08-03,20.625000,20.645000,20.405001,20.436001,20.436001,32
2016-08-04,20.395000,20.420000,20.100000,20.406000,20.406000,22
2016-08-05,20.270000,20.270000,19.780001,19.780001,19.780001,28
2016-08-07,null,null,null,null,null,null
2016-08-08,19.690001,19.840000,19.690001,19.768000,19.768000,10
2016-08-09,19.813999,19.813999,19.813999,19.813999,19.813999,29
2016-08-10,20.195000,20.355000,20.134001,20.134001,20.134001,9
2016-08-11,19.983999,19.983999,19.983999,19.983999,19.983999,10
2016-08-12,19.672001,19.730000,19.672001,19.672001,19.672001,0
2016-08-14,null,null,null,null,null,null
2016-08-15,19.820999,19.820999,19.820999,19.820999,19.820999,10
2016-08-16,19.950001,20.065001,19.848000,19.848000,19.848000,1
2016-08-17,19.627001,19.695000,19.627001,19.627001,19.627001,27
2016-08-18,19.830000,19.850000,19.719999,19.719999,19.719999,1
2016-08-19,19.365000,19.365000,19.301001,19.301001,19.301001,12
2016-08-21,null,null,null,null,null,null
2016-08-22,18.855000,18.950001,18.843000,18.843000,18.843000,2
2016-08-23,18.924999,18.924999,18.910000,18.910000,18.910000,24
2016-08-24,18.820000,18.820000,18.540001,18.545000,18.545000,26
2016-08-25,18.478001,18.504999,18.478001,18.478001,18.478001,13
2016-08-26,18.695000,18.695000,18.594999,18.645000,18.645000,3
2016-08-28,null,null,null,null,null,null
2016-08-29,18.761999,18.761999,18.761999,18.761999,18.761999,4
2016-08-30,18.860001,18.940001,18.549999,18.577000,18.577000,47463
2016-08-31,18.580000,18.795000,18.520000,18.622000,18.622000,14289
2016-09-01,18.700001,18.900000,18.584999,18.857000,18.857000,1589
2016-09-02,18.860001,19.395000,18.780001,19.275999,19.275999,370
2016-09-04,null,null,null,null,null,null
2016-09-06,19.395000,20.100000,19.315001,20.049000,20.049000,508
2016-09-07,19.969999,20.014999,19.735001,19.759001,19.759001,825
2016-09-08,19.795000,19.875000,19.580000,19.591000,19.591000,236
2016-09-09,19.615000,19.620001,19.025000,19.282000,19.282000,237
2016-09-11,null,null,null,null,null,null
2016-09-12,19.035000,19.035000,18.715000,18.915001,18.915001,125
2016-09-13,19.170000,19.170000,18.889999,18.889999,18.889999,253
2016-09-14,18.995001,18.995001,18.982000,18.982000,18.982000,76
2016-09-15,18.965000,19.040001,18.809999,18.959000,18.959000,107
2016-09-16,18.889999,18.889999,18.750000,18.781000,18.781000,133
2016-09-18,null,null,null,null,null,null
2016-09-19,18.875000,19.235001,18.875000,19.205999,19.205999,79
2016-09-20,19.200001,19.200001,19.139999,19.195000,19.195000,48
2016-09-21,19.686001,19.686001,19.686001,19.686001,19.686001,13
2016-09-22,19.985001,20.020000,19.879999,20.020000,20.020000,22
2016-09-23,19.855000,19.855000,19.733000,19.733000,19.733000,42
2016-09-25,null,null,null,null,null,null
2016-09-26,19.559999,19.559999,19.516001,19.516001,19.516001,48
2016-09-27,19.379999,19.379999,19.087000,19.087000,19.087000,38
2016-09-28,19.049999,19.055000,19.044001,19.044001,19.044001,30
2016-09-29,19.225000,19.225000,19.010000,19.115000,19.115000,56
2016-09-30,19.400000,19.600000,19.139000,19.139000,19.139000,94
2016-10-02,null,null,null,null,null,null
2016-10-03,18.870001,18.870001,18.795000,18.795000,18.795000,70
2016-10-04,18.500000,18.500000,17.712999,17.712999,17.712999,13
2016-10-05,17.850000,17.850000,17.605000,17.634001,17.634001,160
2016-10-06,17.735001,17.764999,17.280001,17.288000,17.288000,19
2016-10-07,17.245001,17.520000,17.195000,17.323999,17.323999,16
2016-10-09,null,null,null,null,null,null
2016-10-11,17.650000,17.650000,17.455999,17.455999,17.455999,3
2016-10-12,17.500000,17.500000,17.455000,17.455000,17.455000,5
2016-10-13,17.440001,17.450001,17.410000,17.410000,17.410000,11
2016-10-14,17.344999,17.434999,17.330000,17.393000,17.393000,9
2016-10-16,null,null,null,null,null,null
2016-10-17,17.415001,17.426001,17.415001,17.426001,17.426001,32
2016-10-18,17.650000,17.650000,17.495001,17.591000,17.591000,13
2016-10-19,17.584999,17.709999,17.584999,17.615999,17.615999,21
2016-10-20,17.684999,17.684999,17.424999,17.502001,17.502001,9
2016-10-21,17.448000,17.448000,17.448000,17.448000,17.448000,17
2016-10-23,null,null,null,null,null,null
2016-10-24,17.562000,17.562000,17.562000,17.562000,17.562000,0
2016-10-25,17.629999,17.736000,17.629999,17.736000,17.736000,12
2016-10-26,17.655001,17.655001,17.584999,17.584999,17.584999,12
2016-10-27,17.590000,17.604000,17.590000,17.604000,17.604000,6
2016-10-28,17.625000,17.855000,17.605000,17.761999,17.761999,33
2016-10-30,null,null,null,null,null,null
2016-10-31,17.809999,17.809999,17.761999,17.761999,17.761999,38
2016-11-01,18.000000,18.450001,18.000000,18.385000,18.385000,4
2016-11-02,18.330000,18.660000,18.330000,18.660000,18.660000,50
2016-11-03,18.382999,18.382999,18.330000,18.382999,18.382999,14
2016-11-04,18.341999,18.370001,18.341999,18.341999,18.341999,4
2016-11-06,null,null,null,null,null,null
2016-11-07,18.150000,18.195000,18.124001,18.124001,18.124001,10
2016-11-08,18.299999,18.700001,18.299999,18.330000,18.330000,10
2016-11-09,18.770000,18.799999,18.357000,18.357000,18.357000,21
2016-11-10,18.475000,18.716000,18.459999,18.716000,18.716000,19
2016-11-13,null,null,null,null,null,null
2016-11-14,17.459999,17.459999,16.805000,16.877001,16.877001,29
2016-11-15,17.049999,17.049999,17.028999,17.028999,17.028999,22
2016-11-16,16.914000,16.924999,16.914000,16.914000,16.914000,1
2016-11-17,16.761000,16.761000,16.761000,16.761000,16.761000,1
2016-11-18,16.613001,16.613001,16.613001,16.613001,16.613001,0
2016-11-20,null,null,null,null,null,null
2016-11-21,16.511999,16.549999,16.511999,16.511999,16.511999,3
2016-11-22,16.622999,16.622999,16.622999,16.622999,16.622999,3
2016-11-23,16.254999,16.382999,16.254999,16.382999,16.382999,2
2016-11-25,16.540001,16.540001,16.464001,16.464001,16.464001,2
2016-11-27,null,null,null,null,null,null
2016-11-28,16.577999,16.577999,16.577999,16.577999,16.577999,1
2016-11-29,16.605000,16.700001,16.389999,16.660999,16.660999,66688
2016-11-30,16.545000,16.715000,16.395000,16.406000,16.406000,17875
2016-12-01,16.495001,16.629999,16.250000,16.427000,16.427000,1213
2016-12-02,16.615000,16.775000,16.305000,16.753000,16.753000,777
2016-12-04,null,null,null,null,null,null
2016-12-05,16.905001,16.959999,16.525000,16.823999,16.823999,144
2016-12-06,16.840000,16.860001,16.740000,16.740000,16.740000,204
2016-12-07,16.665001,17.202999,16.645000,17.202999,17.202999,268
2016-12-08,17.100000,17.110001,16.995001,17.025000,17.025000,40
2016-12-09,16.980000,17.020000,16.820000,16.896999,16.896999,75
2016-12-11,null,null,null,null,null,null
2016-12-12,16.830000,17.145000,16.830000,17.115999,17.115999,186
2016-12-13,17.075001,17.150000,16.764999,16.910999,16.910999,104
2016-12-14,17.139999,17.152000,16.799999,17.152000,17.152000,201
2016-12-15,16.500000,16.500000,15.890000,15.897000,15.897000,164
2016-12-16,16.000000,16.153000,16.000000,16.153000,16.153000,420
2016-12-18,null,null,null,null,null,null
2016-12-19,16.000000,16.025999,15.980000,16.025999,16.025999,135
2016-12-20,15.710000,16.054001,15.700000,16.054001,16.054001,9
2016-12-21,16.105000,16.125000,15.918000,15.918000,15.918000,17
2016-12-22,15.915000,15.970000,15.790000,15.815000,15.815000,187
2016-12-23,15.775000,15.800000,15.704000,15.704000,15.704000,75
2016-12-25,null,null,null,null,null,null
2016-12-27,15.840000,15.929000,15.840000,15.929000,15.929000,10
2016-12-28,16.000000,16.025000,15.875000,15.988000,15.988000,14
2016-12-29,15.995000,16.200001,15.995000,16.163000,16.163000,397
2016-12-30,16.235001,16.235001,15.860000,15.936000,15.936000,119
2017-01-01,null,null,null,null,null,null
2017-01-03,16.040001,16.434999,16.030001,16.356001,16.356001,155
2017-01-04,16.400000,16.499001,16.395000,16.499001,16.499001,6
2017-01-05,16.645000,16.709999,16.584000,16.584000,16.584000,7
2017-01-06,16.375000,16.490000,16.375000,16.466000,16.466000,5
2017-01-08,null,null,null,null,null,null
2017-01-09,16.445000,16.660000,16.445000,16.629999,16.629999,4
2017-01-10,16.635000,16.802999,16.594999,16.802999,16.802999,4
2017-01-11,16.610001,16.783001,16.610001,16.783001,16.783001,242
2017-01-12,16.780001,16.780001,16.780001,16.780001,16.780001,3
2017-01-13,16.719999,16.719999,16.719999,16.719999,16.719999,5
2017-01-15,null,null,null,null,null,null
2017-01-17,17.101999,17.101999,17.101999,17.101999,17.101999,9
2017-01-18,17.235001,17.235001,17.209999,17.235001,17.235001,104
2017-01-19,16.966999,16.966999,16.966999,16.966999,16.966999,104
2017-01-20,16.924999,17.120001,16.924999,16.997000,16.997000,4
2017-01-22,null,null,null,null,null,null
2017-01-23,17.200001,17.200001,17.129999,17.150000,17.150000,67
2017-01-24,17.149000,17.149000,17.149000,17.149000,17.149000,10
2017-01-25,16.830000,16.959999,16.830000,16.944000,16.944000,2
2017-01-26,16.813999,16.813999,16.813999,16.813999,16.813999,5
2017-01-27,17.100000,17.100000,17.100000,17.100000,17.100000,0
2017-01-29,null,null,null,null,null,null
2017-01-30,17.150000,17.150000,17.122000,17.122000,17.122000,159
2017-01-31,17.330000,17.559999,17.330000,17.511999,17.511999,26
2017-02-01,17.450001,17.590000,17.420000,17.420000,17.420000,29
2017-02-02,17.670000,17.670000,17.402000,17.402000,17.402000,15
2017-02-03,17.405001,17.452999,17.405001,17.452999,17.452999,19
2017-02-05,null,null,null,null,null,null
2017-02-06,17.594999,17.730000,17.570000,17.667000,17.667000,2
2017-02-07,17.575001,17.733000,17.575001,17.733000,17.733000,25
2017-02-08,17.645000,17.799999,17.645000,17.683001,17.683001,6
2017-02-09,17.750000,17.815001,17.719999,17.719999,17.719999,16
2017-02-10,17.580000,17.965000,17.580000,17.912001,17.912001,109
2017-02-12,null,null,null,null,null,null
2017-02-13,17.900000,17.900000,17.804001,17.804001,17.804001,67
2017-02-14,17.872000,17.959999,17.872000,17.872000,17.872000,8
2017-02-15,17.920000,17.959999,17.920000,17.947001,17.947001,26
2017-02-16,18.049999,18.063000,18.049999,18.063000,18.063000,24
2017-02-17,18.004999,18.049999,18.004999,18.018999,18.018999,16
2017-02-19,null,null,null,null,null,null
2017-02-21,17.990000,18.049999,17.959999,17.990000,17.990000,175
2017-02-22,17.941999,17.941999,17.941999,17.941999,17.941999,189
2017-02-23,18.055000,18.113001,18.055000,18.113001,18.113001,18
2017-02-24,18.334999,18.334999,18.334999,18.334999,18.334999,68
2017-02-26,null,null,null,null,null,null
2017-02-27,18.355000,18.475000,18.205000,18.354000,18.354000,75359
2017-02-28,18.290001,18.445000,18.235001,18.420000,18.420000,24873
2017-03-01,18.295000,18.455000,18.250000,18.443001,18.443001,4006
2017-03-02,18.405001,18.405001,17.690001,17.705000,17.705000,985
2017-03-03,17.790001,17.945000,17.625000,17.697001,17.697001,898
2017-03-05,null,null,null,null,null,null
2017-03-06,17.900000,17.900000,17.700001,17.725000,17.725000,451
2017-03-07,17.719999,17.719999,17.465000,17.492001,17.492001,304
2017-03-08,17.485001,17.500000,17.209999,17.257000,17.257000,359
2017-03-09,17.160000,17.254999,16.924999,16.993000,16.993000,886
2017-03-10,16.924999,17.049999,16.834999,16.882999,16.882999,108
2017-03-12,null,null,null,null,null,null
2017-03-13,16.975000,17.090000,16.934999,16.934999,16.934999,170
2017-03-14,16.924999,16.959999,16.888000,16.888000,16.888000,207
2017-03-15,16.900000,17.219999,16.820000,16.888000,16.888000,92
2017-03-16,17.389999,17.469999,17.254999,17.296000,17.296000,122
2017-03-17,17.299999,17.379000,17.280001,17.379000,17.379000,226
2017-03-19,null,null,null,null,null,null
2017-03-20,17.424999,17.424999,17.355000,17.403000,17.403000,59
2017-03-21,17.334999,17.549999,17.334999,17.549999,17.549999,83
2017-03-22,17.549999,17.549999,17.540001,17.545000,17.545000,21
2017-03-23,17.575001,17.575001,17.563000,17.563000,17.563000,11
2017-03-24,17.719999,17.719999,17.719999,17.719999,17.719999,29
2017-03-26,null,null,null,null,null,null
2017-03-27,18.080000,18.100000,18.080000,18.080000,18.080000,244
2017-03-28,18.145000,18.225000,18.139999,18.225000,18.225000,10
2017-03-29,18.228001,18.228001,18.228001,18.228001,18.228001,74
2017-03-30,18.160000,18.250000,18.160000,18.184999,18.184999,56
2017-03-31,18.120001,18.235001,18.115000,18.235001,18.235001,61
2017-04-02,null,null,null,null,null,null
2017-04-03,18.219999,18.219999,18.191000,18.191000,18.191000,19
2017-04-04,18.302000,18.302000,18.302000,18.302000,18.302000,24
2017-04-05,18.215000,18.215000,18.165001,18.166000,18.166000,10
2017-04-06,18.170000,18.225000,18.170000,18.225000,18.225000,33
2017-04-07,18.350000,18.424999,18.129999,18.129999,18.129999,139
2017-04-09,null,null,null,null,null,null
2017-04-10,17.820000,17.893999,17.750000,17.893999,17.893999,9
2017-04-11,18.040001,18.290001,18.040001,18.233000,18.233000,57
2017-04-12,18.320000,18.389999,18.278999,18.278999,18.278999,24
2017-04-13,18.475000,18.500000,18.469999,18.489000,18.489000,137
2017-04-16,null,null,null,null,null,null
2017-04-17,18.493000,18.493000,18.430000,18.493000,18.493000,7
2017-04-18,18.250999,18.250999,18.250999,18.250999,18.250999,7
2017-04-19,18.136000,18.136000,18.136000,18.136000,18.136000,67
2017-04-20,17.992001,17.992001,17.992001,17.992001,17.992001,67
2017-04-21,17.985001,17.990000,17.830000,17.830000,17.830000,0
2017-04-23,null,null,null,null,null,null
2017-04-24,17.848000,17.848000,17.848000,17.848000,17.848000,35
2017-04-25,17.580999,17.580999,17.559999,17.580999,17.580999,4
2017-04-26,17.353001,17.353001,17.353001,17.353001,17.353001,29
2017-04-27,17.459999,17.469999,17.205000,17.264999,17.264999,102002
2017-04-28,17.225000,17.375000,17.129999,17.191000,17.191000,35737
2017-04-30,null,null,null,null,null,null
2017-05-01,17.184999,17.215000,16.760000,16.780001,16.780001,1538
2017-05-02,16.855000,16.955000,16.754999,16.768999,16.768999,1436
2017-05-03,16.799999,16.834999,16.420000,16.487000,16.487000,543
2017-05-04,16.424999,16.549999,16.209999,16.243999,16.243999,1233
2017-05-05,16.290001,16.465000,16.195000,16.215000,16.215000,679
2017-05-07,null,null,null,null,null,null
2017-05-08,16.260000,16.395000,16.198999,16.198999,16.198999,193
2017-05-09,16.145000,16.184999,16.007999,16.007999,16.007999,148
2017-05-10,16.145000,16.235001,16.100000,16.150999,16.150999,89
2017-05-11,16.155001,16.315001,16.155001,16.209000,16.209000,125
2017-05-12,16.285000,16.405001,16.280001,16.346001,16.346001,71
2017-05-14,null,null,null,null,null,null
2017-05-15,16.434999,16.735001,16.424999,16.561001,16.561001,36
2017-05-16,16.580000,16.775000,16.580000,16.693001,16.693001,82
2017-05-17,16.855000,16.955000,16.740000,16.851999,16.851999,51
2017-05-18,16.700001,16.705000,16.510000,16.621000,16.621000,124
2017-05-19,16.525000,16.775000,16.525000,16.750000,16.750000,57
2017-05-21,null,null,null,null,null,null
2017-05-22,17.143000,17.143000,17.143000,17.143000,17.143000,73
2017-05-23,17.080000,17.230000,17.010000,17.091000,17.091000,2
2017-05-24,16.990000,17.077000,16.990000,17.077000,17.077000,66
2017-05-25,17.165001,17.190001,17.150000,17.152000,17.152000,16
2017-05-26,17.105000,17.309999,17.100000,17.283001,17.283001,86
2017-05-28,null,null,null,null,null,null
2017-05-30,17.334999,17.400000,17.209999,17.388000,17.388000,448
2017-05-31,17.209999,17.368000,17.209999,17.368000,17.368000,884
2017-06-01,17.299999,17.305000,17.025000,17.243000,17.243000,47
2017-06-02,17.205000,17.504999,17.120001,17.487000,17.487000,83
2017-06-04,null,null,null,null,null,null
2017-06-05,17.545000,17.600000,17.545000,17.547001,17.547001,254
2017-06-06,17.510000,17.695000,17.510000,17.677000,17.677000,11
2017-06-07,17.625000,17.690001,17.510000,17.587000,17.587000,18
2017-06-08,17.594999,17.605000,17.365000,17.384001,17.384001,97
2017-06-09,17.455000,17.455000,17.174999,17.193001,17.193001,23
2017-06-11,null,null,null,null,null,null
2017-06-12,17.115000,17.115000,16.914000,16.914000,16.914000,34
2017-06-13,16.915001,16.915001,16.738001,16.738001,16.738001,7
2017-06-14,16.840000,17.180000,16.840000,17.107000,17.107000,35
2017-06-15,16.629999,16.730000,16.629999,16.691000,16.691000,80
2017-06-16,16.735001,16.735001,16.636000,16.636000,16.636000,13
2017-06-18,null,null,null,null,null,null
2017-06-19,16.510000,16.530001,16.483000,16.483000,16.483000,4
2017-06-20,16.469999,16.570000,16.375000,16.398001,16.398001,13
2017-06-21,16.459999,16.469999,16.330000,16.355000,16.355000,51
2017-06-22,16.440001,16.490000,16.440001,16.490000,16.490000,22
2017-06-23,16.650000,16.650000,16.628000,16.628000,16.628000,4
2017-06-25,null,null,null,null,null,null
2017-06-26,16.424999,16.559999,16.424999,16.559999,16.559999,1
2017-06-27,16.576000,16.576000,16.576000,16.576000,16.576000,4
2017-06-28,16.745001,16.745001,16.684999,16.715000,16.715000,0
2017-06-29,16.770000,16.860001,16.555000,16.586000,16.586000,76357
2017-06-30,16.590000,16.629999,16.440001,16.568001,16.568001,17565
2017-07-02,null,null,null,null,null,null
2017-07-03,null,null,null,null,null,null
2017-07-05,16.100000,16.100000,15.835000,15.842000,15.842000,425
2017-07-06,15.995000,16.000000,15.885000,15.927000,15.927000,615
2017-07-07,15.960000,15.965000,15.300000,15.371000,15.371000,185
2017-07-09,null,null,null,null,null,null
2017-07-10,15.540000,15.615000,15.150000,15.577000,15.577000,301
2017-07-11,15.575000,15.760000,15.400000,15.697000,15.697000,286
2017-07-12,15.770000,15.875000,15.760000,15.839000,15.839000,163
2017-07-13,15.890000,15.890000,15.640000,15.642000,15.642000,61
2017-07-14,15.635000,15.965000,15.585000,15.884000,15.884000,20
2017-07-16,null,null,null,null,null,null
2017-07-17,16.100000,16.110001,16.040001,16.049999,16.049999,62
2017-07-18,16.025000,16.254999,16.025000,16.222000,16.222000,55
2017-07-19,16.139999,16.250999,16.129999,16.250999,16.250999,97
2017-07-20,16.180000,16.325001,16.135000,16.299000,16.299000,47
2017-07-21,16.250000,16.440001,16.250000,16.410000,16.410000,72
2017-07-23,null,null,null,null,null,null
2017-07-24,16.415001,16.465000,16.355000,16.398001,16.398001,69
2017-07-25,16.410000,16.497000,16.264999,16.497000,16.497000,124
2017-07-26,16.400000,16.610001,16.365000,16.415001,16.415001,33
2017-07-27,16.625000,16.650000,16.528999,16.528999,16.528999,100
2017-07-28,16.495001,16.690001,16.490000,16.664000,16.664000,159
2017-07-30,null,null,null,null,null,null
2017-07-31,16.735001,16.825001,16.730000,16.750000,16.750000,78
2017-08-01,16.635000,16.785000,16.635000,16.728001,16.728001,276
2017-08-02,16.697001,16.697001,16.697001,16.697001,16.697001,38
2017-08-03,16.594000,16.594000,16.594000,16.594000,16.594000,6
2017-08-04,16.264999,16.264999,16.205000,16.222000,16.222000,2
2017-08-06,null,null,null,null,null,null
2017-08-07,16.200001,16.235001,16.090000,16.221001,16.221001,2
2017-08-08,16.365000,16.420000,16.340000,16.360001,16.360001,4
2017-08-09,16.504999,16.850000,16.475000,16.834000,16.834000,35
2017-08-10,16.945000,17.209999,16.945000,17.035999,17.035999,85
2017-08-11,17.094999,17.105000,17.020000,17.041000,17.041000,169
2017-08-13,null,null,null,null,null,null
2017-08-14,17.055000,17.115000,16.990000,17.093000,17.093000,49
2017-08-15,16.690001,16.690001,16.690001,16.690001,16.690001,56
2017-08-16,16.695000,17.065001,16.695000,16.917000,16.917000,15
2017-08-17,17.129999,17.129999,16.990000,17.030001,17.030001,28
2017-08-18,16.980000,16.980000,16.980000,16.980000,16.980000,57
2017-08-20,null,null,null,null,null,null
2017-08-21,16.995001,16.995001,16.995001,16.995001,16.995001,25
2017-08-22,16.962000,16.962000,16.962000,16.962000,16.962000,16
2017-08-23,17.032000,17.032000,17.032000,17.032000,17.032000,15
2017-08-24,17.055000,17.059999,16.952000,16.952000,16.952000,37
2017-08-25,16.952000,17.038000,16.952000,17.038000,17.038000,50
2017-08-27,null,null,null,null,null,null
2017-08-28,17.431000,17.431000,17.431000,17.431000,17.431000,71
2017-08-29,17.422001,17.422001,17.422001,17.422001,17.422001,0
2017-08-30,17.389999,17.459999,17.285000,17.403999,17.403999,115109
2017-08-31,17.420000,17.600000,17.254999,17.480000,17.480000,115109
2017-09-01,17.565001,17.719999,17.445000,17.719000,17.719000,21198
2017-09-03,null,null,null,null,null,null
2017-09-05,17.780001,17.980000,17.775000,17.844999,17.844999,1473
2017-09-06,17.915001,17.969999,17.799999,17.816000,17.816000,535
2017-09-07,17.840000,18.105000,17.795000,18.016001,18.016001,309
2017-09-08,18.090000,18.160000,17.915001,18.027000,18.027000,807
2017-09-10,null,null,null,null,null,null
2017-09-11,17.889999,17.889999,17.695000,17.806999,17.806999,364
2017-09-12,17.780001,17.870001,17.705000,17.795000,17.795000,397
2017-09-13,17.860001,17.910000,17.635000,17.771999,17.771999,355
2017-09-14,17.650000,17.760000,17.580000,17.698000,17.698000,428
2017-09-15,17.760000,17.799999,17.549999,17.611000,17.611000,275
2017-09-17,null,null,null,null,null,null
2017-09-18,17.490000,17.520000,17.030001,17.070999,17.070999,244
2017-09-19,17.135000,17.240000,17.115000,17.195000,17.195000,208
2017-09-20,17.254999,17.340000,17.010000,17.250999,17.250999,163
2017-09-21,16.895000,16.937000,16.799999,16.937000,16.937000,87
2017-09-22,16.985001,16.985001,16.903000,16.903000,16.903000,212
2017-09-24,null,null,null,null,null,null
2017-09-25,16.850000,17.090000,16.809999,17.059000,17.059000,90
2017-09-26,16.875000,16.889999,16.775000,16.804001,16.804001,172
2017-09-27,16.700001,16.815001,16.695000,16.747999,16.747999,108
2017-09-28,16.750000,16.830000,16.655001,16.773001,16.773001,136
2017-09-29,16.809999,16.809999,16.607000,16.607000,16.607000,177
2017-10-01,null,null,null,null,null,null
2017-10-02,16.594999,16.635000,16.525000,16.584999,16.584999,23
2017-10-03,16.530001,16.584999,16.530001,16.580999,16.580999,19
2017-10-04,16.645000,16.820000,16.514999,16.563000,16.563000,38
2017-10-05,16.650000,16.709999,16.582001,16.582001,16.582001,54
2017-10-06,16.590000,16.733999,16.430000,16.733999,16.733999,19
2017-10-08,null,null,null,null,null,null
2017-10-09,16.865000,16.930000,16.865000,16.916000,16.916000,24
2017-10-10,16.934999,17.165001,16.924999,17.155001,17.155001,4
2017-10-11,17.145000,17.200001,17.065001,17.080999,17.080999,33
2017-10-12,17.205000,17.219999,17.205000,17.211000,17.211000,49
2017-10-13,17.215000,17.379999,17.215000,17.355000,17.355000,43
2017-10-15,null,null,null,null,null,null
2017-10-16,17.420000,17.430000,17.280001,17.315001,17.315001,70
2017-10-17,16.987000,17.010000,16.987000,16.987000,16.987000,25
2017-10-18,16.943001,16.943001,16.943001,16.943001,16.943001,55
2017-10-19,16.990000,17.219999,16.990000,17.201000,17.201000,5
2017-10-20,17.170000,17.170000,16.990000,17.021999,17.021999,7
2017-10-22,null,null,null,null,null,null
2017-10-23,16.920000,17.024000,16.870001,17.024000,17.024000,16
2017-10-24,16.889999,16.945000,16.889999,16.907000,16.907000,16
2017-10-25,16.868000,16.868000,16.868000,16.868000,16.868000,57
2017-10-26,16.764000,16.764000,16.764000,16.764000,16.764000,28
2017-10-27,16.702000,16.702000,16.702000,16.702000,16.702000,64
2017-10-29,null,null,null,null,null,null
2017-10-30,16.715000,16.844999,16.715000,16.802000,16.802000,158
2017-10-31,16.795000,16.795000,16.645000,16.645000,16.645000,123
2017-11-01,16.990000,17.132000,16.990000,17.132000,17.132000,297
2017-11-02,17.065001,17.094000,17.059999,17.094000,17.094000,29
2017-11-03,17.105000,17.105000,16.790001,16.794001,16.794001,18
2017-11-05,null,null,null,null,null,null
2017-11-06,17.195000,17.225000,17.195000,17.195000,17.195000,10
2017-11-07,16.905001,16.924999,16.905001,16.905001,16.905001,10
2017-11-08,17.106001,17.106001,17.106001,17.106001,17.106001,1
2017-11-09,16.930000,16.943001,16.930000,16.943001,16.943001,5
2017-11-10,17.000000,17.000000,16.844000,16.844000,16.844000,2
2017-11-12,null,null,null,null,null,null
2017-11-13,16.840000,17.023001,16.840000,17.023001,17.023001,1
2017-11-14,16.905001,17.052000,16.905001,17.052000,17.052000,3
2017-11-15,16.950001,16.950001,16.940001,16.950001,16.950001,1
2017-11-16,16.950001,17.056000,16.950001,17.056000,17.056000,1
2017-11-17,17.125000,17.358000,17.125000,17.358000,17.358000,9
2017-11-19,null,null,null,null,null,null
2017-11-20,16.827000,16.827000,16.827000,16.827000,16.827000,3
2017-11-21,16.948999,16.948999,16.930000,16.948999,16.948999,0
2017-11-22,17.101000,17.101000,17.101000,17.101000,17.101000,1
2017-11-24,null,null,null,null,null,null
2017-11-26,null,null,null,null,null,null
2017-11-27,17.020000,17.020000,17.009001,17.009001,17.009001,1
2017-11-28,17.020000,17.025000,16.811001,16.811001,16.811001,2
2017-11-29,16.809999,16.865000,16.450001,16.457001,16.457001,96960
2017-11-30,16.480000,16.520000,16.285000,16.382000,16.382000,22561
2017-12-01,16.385000,16.485001,16.200001,16.297001,16.297001,1585
2017-12-03,null,null,null,null,null,null
2017-12-04,16.309999,16.340000,16.190001,16.284000,16.284000,523
2017-12-05,16.250000,16.280001,15.973000,15.973000,15.973000,893
2017-12-06,16.040001,16.049999,15.868000,15.868000,15.868000,75
2017-12-07,15.880000,15.885000,15.600000,15.715000,15.715000,207
2017-12-08,15.675000,15.765000,15.655000,15.736000,15.736000,174
2017-12-10,null,null,null,null,null,null
2017-12-11,15.775000,15.800000,15.625000,15.697000,15.697000,75
2017-12-12,15.665000,15.700000,15.555000,15.582000,15.582000,77
2017-12-13,15.640000,15.995000,15.620000,15.784000,15.784000,197
2017-12-14,16.000000,16.000000,15.800000,15.850000,15.850000,190
2017-12-15,16.010000,16.010000,15.955000,15.978000,15.978000,31
2017-12-17,null,null,null,null,null,null
2017-12-18,15.980000,16.120001,15.980000,16.120001,16.120001,373
2017-12-19,16.160000,16.160000,16.066000,16.066000,16.066000,46
2017-12-20,16.094999,16.188000,16.094999,16.188000,16.188000,16
2017-12-21,16.094999,16.152000,16.094999,16.152000,16.152000,16
2017-12-22,16.139999,16.357000,16.139999,16.357000,16.357000,46
2017-12-24,null,null,null,null,null,null
2017-12-26,16.480000,16.520000,16.480000,16.520000,16.520000,194
2017-12-27,16.594999,16.625000,16.580000,16.618999,16.618999,64
2017-12-28,16.650000,16.832001,16.650000,16.832001,16.832001,627
2017-12-29,16.920000,17.059999,16.920000,17.059999,17.059999,207
2017-12-31,null,null,null,null,null,null
2018-01-02,17.155001,17.160000,17.121000,17.121000,17.121000,17
2018-01-03,17.080000,17.184999,17.080000,17.184999,17.184999,34
2018-01-04,17.084999,17.230000,17.084999,17.188999,17.188999,4
2018-01-05,17.205000,17.205000,17.205000,17.205000,17.205000,34
2018-01-07,null,null,null,null,null,null
2018-01-08,17.063999,17.063999,17.063999,17.063999,17.063999,0
2018-01-09,16.936001,16.945000,16.936001,16.936001,16.936001,0
2018-01-10,16.962999,16.962999,16.955000,16.962999,16.962999,9
2018-01-11,16.955000,16.965000,16.893999,16.893999,16.893999,180
2018-01-12,16.924999,17.120001,16.920000,17.069000,17.069000,35
2018-01-14,null,null,null,null,null,null
2018-01-16,17.305000,17.325001,17.122000,17.122000,17.122000,52
2018-01-17,17.094999,17.120001,16.969999,17.105000,17.105000,4
2018-01-18,17.000000,17.010000,16.893000,16.893000,16.893000,88
2018-01-19,16.934999,16.990000,16.934999,16.975000,16.975000,6
2018-01-21,null,null,null,null,null,null
2018-01-22,16.985001,16.985001,16.931000,16.931000,16.931000,35
2018-01-23,16.855000,16.855000,16.855000,16.855000,16.855000,3
2018-01-24,17.424999,17.424999,17.424999,17.424999,17.424999,10
2018-01-25,17.525000,17.551001,17.525000,17.551001,17.551001,3
2018-01-26,17.382000,17.382000,17.382000,17.382000,17.382000,1
2018-01-28,null,null,null,null,null,null
2018-01-29,null,null,null,null,null,null
2018-01-30,17.055000,17.184999,17.013000,17.013000,17.013000,41
2018-01-31,17.174999,17.209999,17.174999,17.204000,17.204000,22
2018-02-01,17.118000,17.118000,17.118000,17.118000,17.118000,22
2018-02-02,16.676001,16.676001,16.676001,16.676001,16.676001,0
2018-02-04,null,null,null,null,null,null
2018-02-05,16.639000,16.639000,16.639000,16.639000,16.639000,3
2018-02-06,16.705000,16.705000,16.540001,16.548000,16.548000,12
2018-02-07,16.629999,16.629999,16.205999,16.205999,16.205999,206
2018-02-08,16.313999,16.313999,16.313999,16.313999,16.313999,4
2018-02-09,16.115999,16.115999,16.115999,16.115999,16.115999,0
2018-02-11,null,null,null,null,null,null
2018-02-12,16.375000,16.548000,16.344999,16.548000,16.548000,16
2018-02-13,16.507000,16.507000,16.507000,16.507000,16.507000,2
2018-02-14,16.858000,16.858000,16.858000,16.858000,16.858000,3
2018-02-15,16.777000,16.777000,16.777000,16.777000,16.777000,201
2018-02-16,16.695000,16.695000,16.695000,16.695000,16.695000,23
2018-02-18,null,null,null,null,null,null
2018-02-20,16.424999,16.424999,16.424999,16.424999,16.424999,1
2018-02-21,16.604000,16.604000,16.604000,16.604000,16.604000,0
2018-02-22,16.570000,16.579000,16.570000,16.579000,16.579000,0
2018-02-23,16.549999,16.555000,16.476000,16.476000,16.476000,21
2018-02-25,null,null,null,null,null,null
2018-02-26,16.542000,16.542000,16.542000,16.542000,16.542000,20
2018-02-27,16.610001,16.650000,16.260000,16.346001,16.346001,68118
2018-02-28,16.334999,16.430000,16.299999,16.323999,16.323999,23900
2018-03-01,16.350000,16.465000,16.090000,16.200001,16.200001,1018
2018-03-02,16.389999,16.495001,16.360001,16.392000,16.392000,564
2018-03-04,null,null,null,null,null,null
2018-03-05,16.465000,16.545000,16.320000,16.337999,16.337999,83
2018-03-06,16.370001,16.809999,16.370001,16.715000,16.715000,143
2018-03-07,16.639999,16.639999,16.400000,16.427999,16.427999,344
2018-03-08,16.440001,16.465000,16.375000,16.436001,16.436001,34
2018-03-09,16.330000,16.615000,16.305000,16.546000,16.546000,70
2018-03-11,null,null,null,null,null,null
2018-03-12,16.565001,16.565001,16.389999,16.471001,16.471001,355
2018-03-13,16.495001,16.559999,16.459999,16.559000,16.559000,48
2018-03-14,16.535000,16.535000,16.466999,16.466999,16.466999,19
2018-03-15,16.485001,16.485001,16.305000,16.353001,16.353001,3
2018-03-16,16.334999,16.405001,16.184999,16.202000,16.202000,34
2018-03-18,null,null,null,null,null,null
2018-03-19,16.165001,16.260000,16.165001,16.254999,16.254999,34
2018-03-20,16.215000,16.215000,16.049999,16.125000,16.125000,137
2018-03-21,16.385000,16.530001,16.357000,16.357000,16.357000,114
2018-03-22,16.490000,16.504999,16.327999,16.327999,16.327999,76
2018-03-23,16.450001,16.549999,16.450001,16.530001,16.530001,2
2018-03-25,null,null,null,null,null,null
2018-03-26,16.700001,16.725000,16.615000,16.632000,16.632000,55
2018-03-27,16.504999,16.504999,16.489000,16.489000,16.489000,43
2018-03-28,16.450001,16.450001,16.195000,16.205000,16.205000,167
2018-03-29,16.250000,16.250000,16.209999,16.223000,16.223000,79
2018-04-01,null,null,null,null,null,null
2018-04-02,16.469999,16.627001,16.469999,16.627001,16.627001,39
2018-04-03,16.347000,16.347000,16.347000,16.347000,16.347000,6
2018-04-04,16.434999,16.445000,16.209000,16.209000,16.209000,0
2018-04-05,16.200001,16.320000,16.190001,16.320000,16.320000,39
2018-04-06,16.299999,16.332001,16.285000,16.332001,16.332001,12
2018-04-08,null,null,null,null,null,null
2018-04-09,16.344999,16.499001,16.344999,16.499001,16.499001,4
2018-04-10,16.410000,16.566000,16.410000,16.566000,16.566000,35
2018-04-11,16.738001,16.738001,16.738001,16.738001,16.738001,6
2018-04-12,16.615000,16.615000,16.443001,16.443001,16.443001,0
2018-04-13,16.628000,16.628000,16.628000,16.628000,16.628000,3
2018-04-15,null,null,null,null,null,null
2018-04-16,16.662001,16.662001,16.662001,16.662001,16.662001,0
2018-04-17,16.771999,16.771999,16.771999,16.771999,16.771999,120
2018-04-18,16.825001,17.231001,16.825001,17.231001,17.231001,0
2018-04-19,17.170000,17.222000,17.170000,17.222000,17.222000,11
2018-04-20,17.174999,17.174999,17.100000,17.146999,17.146999,1
2018-04-22,null,null,null,null,null,null
2018-04-23,16.825001,16.830000,16.570999,16.570999,16.570999,127
2018-04-24,16.660000,16.687000,16.660000,16.687000,16.687000,20
2018-04-25,16.555000,16.555000,16.486000,16.486000,16.486000,5
2018-04-26,16.488001,16.488001,16.488001,16.488001,16.488001,2
2018-04-27,16.490000,16.530001,16.385000,16.406000,16.406000,69508
2018-04-29,null,null,null,null,null,null
2018-04-30,16.475000,16.485001,16.139999,16.312000,16.312000,20148
2018-05-01,16.280001,16.285000,16.000000,16.039000,16.039000,1573
2018-05-02,16.190001,16.450001,16.190001,16.291000,16.291000,1407
2018-05-03,16.370001,16.530001,16.340000,16.362000,16.362000,884
2018-05-04,16.405001,16.440001,16.330000,16.434000,16.434000,642
2018-05-06,null,null,null,null,null,null
2018-05-07,16.490000,16.504999,16.389999,16.413000,16.413000,296
2018-05-08,16.415001,16.445000,16.250000,16.388000,16.388000,308
2018-05-09,16.514999,16.514999,16.455000,16.458000,16.458000,215
2018-05-10,16.459999,16.684999,16.455000,16.680000,16.680000,152
2018-05-11,16.725000,16.725000,16.676001,16.676001,16.676001,36
2018-05-13,null,null,null,null,null,null
2018-05-14,16.650000,16.650000,16.549999,16.570000,16.570000,76
2018-05-15,16.350000,16.350000,16.165001,16.194000,16.194000,67
2018-05-16,16.297001,16.297001,16.297001,16.297001,16.297001,121
2018-05-17,16.315001,16.413000,16.315001,16.413000,16.413000,48
2018-05-18,16.379999,16.405001,16.379999,16.386999,16.386999,136
2018-05-20,null,null,null,null,null,null
2018-05-21,16.450001,16.459999,16.450001,16.452000,16.452000,33
2018-05-22,16.540001,16.540001,16.507999,16.507999,16.507999,15
2018-05-23,16.295000,16.337999,16.285000,16.337999,16.337999,72
2018-05-24,16.621000,16.621000,16.621000,16.621000,16.621000,31
2018-05-25,16.549999,16.549999,16.481001,16.481001,16.481001,836
2018-05-27,null,null,null,null,null,null
2018-05-29,16.305000,16.305000,16.305000,16.305000,16.305000,64
2018-05-30,16.340000,16.504999,16.260000,16.479000,16.479000,546
2018-05-31,16.500000,16.500000,16.402000,16.402000,16.402000,398
2018-06-01,16.388000,16.388000,16.388000,16.388000,16.388000,65
2018-06-03,null,null,null,null,null,null
2018-06-04,16.379000,16.379000,16.379000,16.379000,16.379000,5
2018-06-05,16.355000,16.495001,16.355000,16.490999,16.490999,40
2018-06-06,16.465000,16.642000,16.455000,16.642000,16.642000,18
2018-06-07,16.725000,16.865000,16.680000,16.766001,16.766001,94
2018-06-08,16.735001,16.760000,16.694000,16.694000,16.694000,17
2018-06-10,null,null,null,null,null,null
2018-06-11,16.870001,16.910000,16.870001,16.905001,16.905001,16
2018-06-12,16.849001,16.849001,16.849001,16.849001,16.849001,18
2018-06-13,16.952999,17.070000,16.952999,16.952999,16.952999,0
2018-06-14,17.120001,17.285000,17.115000,17.226000,17.226000,6
2018-06-15,17.120001,17.285000,16.452000,16.452000,16.452000,101
2018-06-17,null,null,null,null,null,null
2018-06-18,16.412001,16.412001,16.412001,16.412001,16.412001,23
2018-06-19,16.305000,16.330000,16.299999,16.302999,16.302999,5
2018-06-20,16.289000,16.289000,16.289000,16.289000,16.289000,115
2018-06-21,16.306000,16.306000,16.306000,16.306000,16.306000,0
2018-06-22,16.305000,16.438999,16.295000,16.438999,16.438999,0
2018-06-24,null,null,null,null,null,null
2018-06-25,16.309999,16.309999,16.295000,16.308001,16.308001,6
2018-06-26,16.238001,16.238001,16.238001,16.238001,16.238001,2
2018-06-27,16.139000,16.139000,16.139000,16.139000,16.139000,4
2018-06-28,16.035000,16.094999,15.880000,15.951000,15.951000,96137
2018-06-29,15.965000,16.115000,15.910000,16.104000,16.104000,28819
2018-07-01,null,null,null,null,null,null
2018-07-02,16.055000,16.055000,15.730000,15.744000,15.744000,2765
2018-07-03,null,null,null,null,null,null
2018-07-05,16.014999,16.049999,15.895000,16.007999,16.007999,332
2018-07-06,15.945000,16.000000,15.930000,15.981000,15.981000,207
2018-07-08,null,null,null,null,null,null
2018-07-09,16.170000,16.170000,16.052999,16.052999,16.052999,163
2018-07-10,16.003000,16.003000,16.003000,16.003000,16.003000,39
2018-07-11,15.732000,15.735000,15.732000,15.732000,15.732000,43
2018-07-12,15.870000,15.935000,15.870000,15.898000,15.898000,53
2018-07-13,15.905000,15.905000,15.710000,15.739000,15.739000,39
2018-07-15,null,null,null,null,null,null
2018-07-16,15.725000,15.735000,15.725000,15.735000,15.735000,63
2018-07-17,15.710000,15.710000,15.505000,15.546000,15.546000,7
2018-07-18,15.420000,15.503000,15.355000,15.503000,15.503000,365
2018-07-19,15.210000,15.340000,15.135000,15.340000,15.340000,29
2018-07-20,15.400000,15.490000,15.400000,15.490000,15.490000,46
2018-07-22,null,null,null,null,null,null
2018-07-23,15.505000,15.505000,15.355000,15.368000,15.368000,279
2018-07-24,15.345000,15.495000,15.345000,15.463000,15.463000,15
2018-07-25,15.435000,15.533000,15.435000,15.533000,15.533000,65
2018-07-26,15.570000,15.570000,15.375000,15.438000,15.438000,48
2018-07-27,15.355000,15.495000,15.355000,15.436000,15.436000,104
2018-07-29,null,null,null,null,null,null
2018-07-30,15.440000,15.475000,15.410000,15.475000,15.475000,227
2018-07-31,15.555000,15.555000,15.500000,15.500000,15.500000,322
2018-08-01,15.420000,15.420000,15.394000,15.394000,15.394000,352
2018-08-02,15.375000,15.375000,15.260000,15.329000,15.329000,19
2018-08-03,15.455000,15.455000,15.406000,15.406000,15.406000,183
2018-08-05,null,null,null,null,null,null
2018-08-06,15.292000,15.292000,15.292000,15.292000,15.292000,7
2018-08-07,15.317000,15.317000,15.317000,15.317000,15.317000,1
2018-08-08,15.376000,15.390000,15.376000,15.376000,15.376000,0
2018-08-09,15.419000,15.419000,15.419000,15.419000,15.419000,4
2018-08-10,15.425000,15.425000,15.266000,15.266000,15.266000,141
2018-08-12,null,null,null,null,null,null
2018-08-13,15.240000,15.240000,14.953000,14.953000,14.953000,20
2018-08-14,15.025000,15.025000,15.025000,15.025000,15.025000,5
2018-08-15,15.040000,15.040000,14.395000,14.421000,14.421000,2
2018-08-16,14.660000,14.710000,14.635000,14.697000,14.697000,186
2018-08-17,14.625000,14.750000,14.595000,14.616000,14.616000,138
2018-08-19,null,null,null,null,null,null
2018-08-20,14.700000,14.700000,14.630000,14.655000,14.655000,19
2018-08-21,14.751000,14.751000,14.751000,14.751000,14.751000,16
2018-08-22,14.700000,14.735000,14.700000,14.735000,14.735000,0
2018-08-23,14.625000,14.625000,14.485000,14.527000,14.527000,1
2018-08-24,14.470000,14.820000,14.470000,14.779000,14.779000,3
2018-08-26,null,null,null,null,null,null
2018-08-27,14.844000,14.844000,14.844000,14.844000,14.844000,41
2018-08-28,14.820000,14.820000,14.767000,14.767000,14.767000,0
2018-08-29,14.688000,14.688000,14.688000,14.688000,14.688000,1
2018-08-30,14.685000,14.710000,14.430000,14.477000,14.477000,68753
2018-08-31,14.485000,14.650000,14.425000,14.438000,14.438000,15963
2018-09-02,null,null,null,null,null,null
2018-09-04,14.400000,14.400000,13.960000,14.061000,14.061000,608
2018-09-05,14.085000,14.165000,14.050000,14.118000,14.118000,750
2018-09-06,14.130000,14.225000,14.050000,14.075000,14.075000,240
2018-09-07,14.095000,14.140000,14.040000,14.067000,14.067000,191
2018-09-09,null,null,null,null,null,null
2018-09-10,14.040000,14.145000,14.040000,14.079000,14.079000,132
2018-09-11,14.110000,14.110000,13.910000,14.052000,14.052000,65
2018-09-12,14.065000,14.192000,14.005000,14.192000,14.192000,99
2018-09-13,14.135000,14.255000,14.135000,14.143000,14.143000,64
2018-09-14,14.110000,14.175000,14.030000,14.042000,14.042000,80
2018-09-16,null,null,null,null,null,null
2018-09-17,13.980000,14.130000,13.980000,14.122000,14.122000,55
2018-09-18,14.115000,14.115000,14.060000,14.084000,14.084000,32
2018-09-19,14.210000,14.215000,14.189000,14.189000,14.189000,925
2018-09-20,14.190000,14.245000,14.190000,14.215000,14.215000,462
2018-09-21,14.265000,14.269000,14.260000,14.269000,14.269000,507
2018-09-23,null,null,null,null,null,null
2018-09-24,14.250000,14.320000,14.205000,14.251000,14.251000,9
2018-09-25,14.420000,14.440000,14.398000,14.398000,14.398000,27
2018-09-26,14.330000,14.330000,14.305000,14.305000,14.305000,17
2018-09-27,14.320000,14.385000,14.120000,14.201000,14.201000,393
2018-09-28,14.180000,14.623000,14.180000,14.623000,14.623000,138
2018-09-30,null,null,null,null,null,null
2018-10-01,14.350000,14.422000,14.350000,14.422000,14.422000,49
2018-10-02,14.420000,14.740000,14.420000,14.610000,14.610000,83
2018-10-03,14.735000,14.735000,14.590000,14.590000,14.590000,63
2018-10-04,14.510000,14.510000,14.510000,14.510000,14.510000,24
2018-10-05,14.569000,14.569000,14.569000,14.569000,14.569000,0
2018-10-07,null,null,null,null,null,null
2018-10-08,14.215000,14.259000,14.215000,14.259000,14.259000,0
2018-10-09,14.329000,14.329000,14.329000,14.329000,14.329000,2
2018-10-10,14.255000,14.260000,14.255000,14.255000,14.255000,0
2018-10-11,14.260000,14.565000,14.230000,14.535000,14.535000,1
2018-10-12,14.564000,14.564000,14.564000,14.564000,14.564000,9
2018-10-14,null,null,null,null,null,null
2018-10-15,14.656000,14.665000,14.656000,14.656000,14.656000,40
2018-10-16,14.630000,14.630000,14.630000,14.630000,14.630000,1
2018-10-17,14.592000,14.592000,14.592000,14.592000,14.592000,74
2018-10-18,14.533000,14.533000,14.533000,14.533000,14.533000,0
2018-10-19,14.579000,14.579000,14.579000,14.579000,14.579000,0
2018-10-21,null,null,null,null,null,null
2018-10-22,14.522000,14.522000,14.522000,14.522000,14.522000,0
2018-10-23,14.728000,14.728000,14.728000,14.728000,14.728000,110
2018-10-24,14.665000,14.665000,14.611000,14.611000,14.611000,2
2018-10-25,14.565000,14.565000,14.565000,14.565000,14.565000,33
2018-10-26,14.635000,14.635000,14.635000,14.635000,14.635000,0
2018-10-28,null,null,null,null,null,null
2018-10-29,14.377000,14.377000,14.377000,14.377000,14.377000,0
2018-10-30,14.460000,14.460000,14.340000,14.403000,14.403000,101
2018-10-31,14.420000,14.420000,14.229000,14.229000,14.229000,428
2018-11-01,14.729000,14.729000,14.729000,14.729000,14.729000,14
2018-11-02,14.707000,14.707000,14.707000,14.707000,14.707000,11
2018-11-04,null,null,null,null,null,null
2018-11-05,14.604000,14.604000,14.604000,14.604000,14.604000,3
2018-11-06,14.580000,14.580000,14.458000,14.458000,14.458000,29
2018-11-07,14.540000,14.645000,14.528000,14.528000,14.528000,4
2018-11-08,14.386000,14.386000,14.386000,14.386000,14.386000,6
2018-11-09,14.103000,14.103000,14.103000,14.103000,14.103000,29
2018-11-11,null,null,null,null,null,null
2018-11-12,14.100000,14.100000,13.974000,13.974000,13.974000,10
2018-11-13,14.000000,14.015000,13.945000,13.952000,13.952000,2
2018-11-14,14.055000,14.055000,14.055000,14.055000,14.055000,9
2018-11-15,14.237000,14.237000,14.237000,14.237000,14.237000,0
2018-11-16,14.358000,14.358000,14.358000,14.358000,14.358000,3
2018-11-18,null,null,null,null,null,null
2018-11-19,14.381000,14.381000,14.381000,14.381000,14.381000,0
2018-11-20,14.380000,14.380000,14.247000,14.247000,14.247000,1
2018-11-21,14.340000,14.480000,14.330000,14.480000,14.480000,76
2018-11-23,null,null,null,null,null,null
2018-11-25,null,null,null,null,null,null
2018-11-26,14.183000,14.183000,14.183000,14.183000,14.183000,3
2018-11-27,14.062000,14.062000,14.062000,14.062000,14.062000,0
2018-11-28,14.303000,14.303000,14.303000,14.303000,14.303000,0
2018-11-29,14.290000,14.335000,14.205000,14.273000,14.273000,84402
2018-11-30,14.270000,14.280000,13.985000,14.094000,14.094000,23378
2018-12-02,null,null,null,null,null,null
2018-12-03,14.210000,14.475000,14.185000,14.381000,14.381000,1093
2018-12-04,14.385000,14.521000,14.385000,14.521000,14.521000,342
2018-12-06,14.420000,14.420000,14.330000,14.390000,14.390000,81
2018-12-07,14.405000,14.572000,14.405000,14.572000,14.572000,48
2018-12-09,null,null,null,null,null,null
2018-12-10,14.565000,14.565000,14.478000,14.478000,14.478000,88
2018-12-11,14.500000,14.685000,14.499000,14.499000,14.499000,42
2018-12-12,14.620000,14.730000,14.620000,14.725000,14.725000,221
2018-12-13,14.729000,14.729000,14.725000,14.729000,14.729000,162
2018-12-14,14.490000,14.513000,14.490000,14.513000,14.513000,47
2018-12-16,null,null,null,null,null,null
2018-12-17,14.560000,14.639000,14.560000,14.639000,14.639000,19
2018-12-18,14.605000,14.605000,14.585000,14.585000,14.585000,81
2018-12-19,14.702000,14.702000,14.702000,14.702000,14.702000,28
2018-12-20,14.530000,14.753000,14.530000,14.753000,14.753000,35
2018-12-21,14.583000,14.583000,14.583000,14.583000,14.583000,116
2018-12-23,null,null,null,null,null,null
2018-12-24,null,null,null,null,null,null
2018-12-26,14.980000,15.050000,14.980000,15.004000,15.004000,0
2018-12-27,15.191000,15.191000,15.191000,15.191000,15.191000,85
2018-12-28,15.190000,15.326000,15.190000,15.326000,15.326000,757
2018-12-30,null,null,null,null,null,null
2018-12-31,15.410000,15.445000,15.410000,15.433000,15.433000,233
2019-01-02,15.520000,15.570000,15.420000,15.542000,15.542000,17
2019-01-03,15.706000,15.706000,15.706000,15.706000,15.706000,91
2019-01-04,15.690000,15.695000,15.620000,15.695000,15.695000,7
2019-01-06,null,null,null,null,null,null
2019-01-07,15.750000,15.750000,15.669000,15.669000,15.669000,12
2019-01-08,15.626000,15.626000,15.626000,15.626000,15.626000,34
2019-01-09,15.700000,15.700000,15.653000,15.653000,15.653000,27
2019-01-10,15.561000,15.561000,15.561000,15.561000,15.561000,15
2019-01-11,15.595000,15.615000,15.577000,15.577000,15.577000,22
2019-01-13,null,null,null,null,null,null
2019-01-14,15.590000,15.615000,15.590000,15.609000,15.609000,43
2019-01-15,15.610000,15.625000,15.546000,15.546000,15.546000,38
2019-01-16,15.535000,15.600000,15.535000,15.564000,15.564000,64
2019-01-17,15.467000,15.510000,15.467000,15.467000,15.467000,7
2019-01-18,15.330000,15.330000,15.290000,15.330000,15.330000,27
2019-01-20,null,null,null,null,null,null
2019-01-22,15.295000,15.295000,15.140000,15.259000,15.259000,14
2019-01-23,15.310000,15.320000,15.280000,15.317000,15.317000,16
2019-01-24,15.238000,15.270000,15.238000,15.238000,15.238000,10
2019-01-25,15.250000,15.639000,15.250000,15.639000,15.639000,7
2019-01-27,null,null,null,null,null,null
2019-01-28,15.595000,15.709000,15.595000,15.709000,15.709000,7
2019-01-29,15.786000,15.786000,15.786000,15.786000,15.786000,7
2019-01-30,15.805000,15.885000,15.805000,15.880000,15.880000,120
2019-01-31,16.059999,16.139999,16.000000,16.021999,16.021999,65
2019-02-01,16.010000,16.010000,15.860000,15.880000,15.880000,64
2019-02-03,null,null,null,null,null,null
2019-02-04,15.837000,15.837000,15.837000,15.837000,15.837000,79
2019-02-05,15.790000,15.790000,15.790000,15.790000,15.790000,26
2019-02-06,15.710000,15.710000,15.656000,15.656000,15.656000,10
2019-02-07,15.660000,15.690000,15.660000,15.675000,15.675000,13
2019-02-08,15.820000,15.820000,15.773000,15.773000,15.773000,6
2019-02-10,null,null,null,null,null,null
2019-02-11,15.657000,15.657000,15.650000,15.657000,15.657000,2
2019-02-12,15.660000,15.660000,15.660000,15.660000,15.660000,2
2019-02-13,15.710000,15.755000,15.605000,15.624000,15.624000,0
2019-02-14,15.500000,15.500000,15.500000,15.500000,15.500000,30
2019-02-15,15.723000,15.723000,15.723000,15.723000,15.723000,0
2019-02-17,null,null,null,null,null,null
2019-02-19,15.947000,15.947000,15.947000,15.947000,15.947000,2
2019-02-20,16.157000,16.157000,16.059999,16.157000,16.157000,0
2019-02-21,15.970000,15.970000,15.791000,15.791000,15.791000,2
2019-02-22,15.908000,15.908000,15.908000,15.908000,15.908000,12
2019-02-24,null,null,null,null,null,null
2019-02-25,15.945000,15.945000,15.825000,15.825000,15.825000,12
2019-02-26,15.827000,15.827000,15.827000,15.827000,15.827000,1
2019-02-27,15.890000,15.920000,15.645000,15.672000,15.672000,60807
2019-02-28,15.675000,15.765000,15.520000,15.538000,15.538000,17247
2019-03-01,15.555000,15.575000,15.080000,15.169000,15.169000,1031
2019-03-03,null,null,null,null,null,null
2019-03-04,15.170000,15.205000,15.005000,15.017000,15.017000,585
2019-03-05,15.025000,15.075000,15.005000,15.020000,15.020000,317
2019-03-06,15.025000,15.025000,14.975000,15.003000,15.003000,222
2019-03-07,15.025000,15.025000,14.920000,14.960000,14.960000,25
2019-03-08,15.045000,15.272000,15.045000,15.272000,15.272000,8
2019-03-10,null,null,null,null,null,null
2019-03-11,15.215000,15.215000,15.197000,15.197000,15.197000,11
2019-03-12,15.338000,15.400000,15.338000,15.338000,15.338000,16
2019-03-13,15.375000,15.420000,15.370000,15.381000,15.381000,23
2019-03-14,15.185000,15.185000,15.090000,15.101000,15.101000,110
2019-03-15,15.245000,15.255000,15.220000,15.253000,15.253000,20
2019-03-17,null,null,null,null,null,null
2019-03-18,15.251000,15.251000,15.251000,15.251000,15.251000,5
2019-03-19,15.315000,15.315000,15.300000,15.301000,15.301000,0
2019-03-20,15.285000,15.290000,15.220000,15.245000,15.245000,21
2019-03-21,15.520000,15.520000,15.372000,15.372000,15.372000,94
2019-03-22,15.345000,15.345000,15.345000,15.345000,15.345000,3
2019-03-24,null,null,null,null,null,null
2019-03-25,15.515000,15.515000,15.500000,15.507000,15.507000,0
2019-03-26,15.400000,15.420000,15.371000,15.371000,15.371000,6
2019-03-27,15.239000,15.239000,15.239000,15.239000,15.239000,45
2019-03-28,15.230000,15.235000,14.910000,14.921000,14.921000,375
2019-03-29,14.930000,15.065000,14.930000,15.060000,15.060000,343
2019-03-31,null,null,null,null,null,null
2019-04-01,15.035000,15.135000,15.000000,15.051000,15.051000,23
2019-04-02,14.940000,15.025000,14.940000,15.018000,15.018000,55
2019-04-03,15.020000,15.059000,15.020000,15.059000,15.059000,36
2019-04-04,15.041000,15.041000,15.041000,15.041000,15.041000,2
2019-04-05,15.043000,15.043000,15.043000,15.043000,15.043000,0
2019-04-07,null,null,null,null,null,null
2019-04-08,15.173000,15.173000,15.173000,15.173000,15.173000,0
2019-04-09,15.260000,15.260000,15.168000,15.168000,15.168000,0
2019-04-10,15.170000,15.205000,15.095000,15.201000,15.201000,1
2019-04-11,15.140000,15.140000,14.824000,14.824000,14.824000,18
2019-04-12,14.920000,14.920000,14.920000,14.920000,14.920000,1
2019-04-14,null,null,null,null,null,null
2019-04-15,14.948000,14.948000,14.948000,14.948000,14.948000,3
2019-04-16,14.891000,14.891000,14.891000,14.891000,14.891000,0
2019-04-17,14.921000,14.921000,14.921000,14.921000,14.921000,0
2019-04-18,14.890000,14.937000,14.890000,14.937000,14.937000,0
2019-04-21,null,null,null,null,null,null
2019-04-22,14.957000,14.957000,14.957000,14.957000,14.957000,1
2019-04-23,14.773000,14.773000,14.773000,14.773000,14.773000,0
2019-04-24,14.898000,14.898000,14.898000,14.898000,14.898000,0
2019-04-25,14.885000,14.885000,14.861000,14.861000,14.861000,0
2019-04-26,15.002000,15.002000,15.002000,15.002000,15.002000,1
2019-04-28,null,null,null,null,null,null
2019-04-29,15.030000,15.035000,14.820000,14.844000,14.844000,78208
2019-04-30,14.870000,14.960000,14.770000,14.900000,14.900000,18270
2019-05-01,14.885000,14.890000,14.570000,14.645000,14.645000,690
2019-05-02,14.600000,14.625000,14.525000,14.540000,14.540000,565
2019-05-03,14.560000,14.907000,14.560000,14.907000,14.907000,796
2019-05-05,null,null,null,null,null,null
2019-05-06,14.870000,14.920000,14.725000,14.857000,14.857000,242
2019-05-07,14.850000,14.865000,14.770000,14.860000,14.860000,82
2019-05-08,14.890000,14.895000,14.785000,14.792000,14.792000,150
2019-05-09,14.705000,14.720000,14.700000,14.707000,14.707000,85
2019-05-10,14.720000,14.730000,14.690000,14.726000,14.726000,16
2019-05-12,null,null,null,null,null,null
2019-05-13,14.720000,14.720000,14.585000,14.713000,14.713000,22
2019-05-14,14.710000,14.752000,14.710000,14.752000,14.752000,27
2019-05-15,14.755000,14.765000,14.752000,14.752000,14.752000,1
2019-05-16,14.755000,14.755000,14.440000,14.479000,14.479000,4
2019-05-17,14.485000,14.580000,14.345000,14.348000,14.348000,241
2019-05-19,null,null,null,null,null,null
2019-05-20,14.365000,14.420000,14.340000,14.409000,14.409000,156
2019-05-21,14.405000,14.405000,14.325000,14.373000,14.373000,13
2019-05-22,14.400000,14.425000,14.390000,14.414000,14.414000,49
2019-05-23,14.545000,14.577000,14.540000,14.577000,14.577000,105
2019-05-24,14.550000,14.550000,14.520000,14.520000,14.520000,4
2019-05-26,null,null,null,null,null,null
2019-05-28,14.300000,14.310000,14.245000,14.281000,14.281000,17
2019-05-29,14.372000,14.372000,14.372000,14.372000,14.372000,73
2019-05-30,14.355000,14.485000,14.305000,14.460000,14.460000,258
2019-05-31,14.465000,14.540000,14.465000,14.530000,14.530000,136
2019-06-02,null,null,null,null,null,null
2019-06-03,14.720000,14.720000,14.703000,14.703000,14.703000,62
2019-06-04,14.750000,14.750000,14.732000,14.732000,14.732000,3
2019-06-05,15.000000,15.000000,14.754000,14.754000,14.754000,2
2019-06-06,14.890000,14.890000,14.868000,14.868000,14.868000,50
2019-06-07,15.000000,15.125000,14.994000,14.994000,14.994000,1
2019-06-09,null,null,null,null,null,null
2019-06-10,14.605000,14.605000,14.605000,14.605000,14.605000,4
2019-06-11,14.706000,14.706000,14.706000,14.706000,14.706000,0
2019-06-12,14.722000,14.722000,14.722000,14.722000,14.722000,0
2019-06-13,14.871000,14.871000,14.871000,14.871000,14.871000,0
2019-06-14,14.782000,14.782000,14.782000,14.782000,14.782000,1
2019-06-16,null,null,null,null,null,null
2019-06-17,14.814000,14.814000,14.814000,14.814000,14.814000,240
2019-06-18,14.980000,14.980000,14.980000,14.980000,14.980000,3
2019-06-19,14.945000,14.945000,14.945000,14.945000,14.945000,1
2019-06-20,15.469000,15.469000,15.469000,15.469000,15.469000,0
2019-06-21,15.295000,15.305000,15.260000,15.273000,15.273000,103
2019-06-23,null,null,null,null,null,null
2019-06-24,15.368000,15.368000,15.368000,15.368000,15.368000,4
2019-06-25,15.291000,15.291000,15.291000,15.291000,15.291000,24
2019-06-26,15.283000,15.283000,15.283000,15.283000,15.283000,0
2019-06-27,15.275000,15.275000,15.120000,15.205000,15.205000,93664
2019-06-28,15.220000,15.295000,15.180000,15.253000,15.253000,21835
2019-06-30,null,null,null,null,null,null
2019-07-01,15.170000,15.245000,15.075000,15.106000,15.106000,842
2019-07-02,15.125000,15.200000,14.995000,15.154000,15.154000,227
2019-07-03,null,null,null,null,null,null
2019-07-05,15.245000,15.250000,14.885000,14.918000,14.918000,12
2019-07-07,null,null,null,null,null,null
2019-07-08,14.965000,15.060000,14.925000,14.972000,14.972000,107
2019-07-09,15.045000,15.068000,15.045000,15.068000,15.068000,23
2019-07-10,15.055000,15.147000,15.000000,15.147000,15.147000,1
2019-07-11,15.225000,15.230000,15.067000,15.067000,15.067000,5
2019-07-12,15.075000,15.185000,15.055000,15.161000,15.161000,36
2019-07-14,null,null,null,null,null,null
2019-07-15,15.260000,15.290000,15.260000,15.290000,15.290000,7
2019-07-16,15.295000,15.645000,15.295000,15.600000,15.600000,16
2019-07-17,15.730000,15.893000,15.730000,15.893000,15.893000,41
2019-07-18,15.980000,16.120001,15.980000,16.120001,16.120001,85
2019-07-19,16.275000,16.504999,16.117001,16.117001,16.117001,61
2019-07-21,null,null,null,null,null,null
2019-07-22,16.295000,16.340000,16.290001,16.340000,16.340000,68
2019-07-23,16.405001,16.405001,16.405001,16.405001,16.405001,161
2019-07-24,16.299999,16.554001,16.299999,16.554001,16.554001,73
2019-07-25,16.400000,16.415001,16.339001,16.339001,16.339001,45
2019-07-26,16.420000,16.424999,16.325001,16.325001,16.325001,64
2019-07-28,null,null,null,null,null,null
2019-07-29,16.368000,16.368000,16.368000,16.368000,16.368000,25
2019-07-30,16.370001,16.549999,16.370001,16.495001,16.495001,446
2019-07-31,16.510000,16.510000,16.219999,16.346001,16.346001,331
2019-08-01,16.105000,16.299999,15.895000,16.121000,16.121000,224
2019-08-02,16.135000,16.222000,16.059999,16.222000,16.222000,74
2019-08-04,null,null,null,null,null,null
2019-08-05,16.150000,16.434999,16.125000,16.344999,16.344999,78
2019-08-06,16.405001,16.405001,16.405001,16.405001,16.405001,79
2019-08-07,17.156000,17.156000,17.156000,17.156000,17.156000,54
2019-08-08,16.900999,16.900999,16.900999,16.900999,16.900999,89
2019-08-09,16.896999,16.896999,16.896999,16.896999,16.896999,157
2019-08-11,null,null,null,null,null,null
2019-08-12,16.875000,17.039000,16.860001,17.039000,17.039000,91
2019-08-13,17.309999,17.315001,16.955999,16.955999,16.955999,121
2019-08-14,17.253000,17.253000,17.253000,17.253000,17.253000,22
2019-08-15,17.188000,17.188000,17.188000,17.188000,17.188000,48
2019-08-16,17.096001,17.096001,17.096001,17.096001,17.096001,47
2019-08-18,null,null,null,null,null,null
2019-08-19,16.914000,16.914000,16.914000,16.914000,16.914000,0
2019-08-20,17.065001,17.122000,17.065001,17.122000,17.122000,1
2019-08-21,17.125000,17.125000,17.120001,17.125000,17.125000,4
2019-08-22,17.014000,17.014000,17.014000,17.014000,17.014000,2
2019-08-23,17.395000,17.395000,17.395000,17.395000,17.395000,0
2019-08-25,null,null,null,null,null,null
2019-08-26,17.540001,17.624001,17.540001,17.624001,17.624001,0
2019-08-27,18.139000,18.139000,18.139000,18.139000,18.139000,4
2019-08-28,18.240000,18.304001,18.235001,18.304001,18.304001,2
2019-08-29,18.299999,18.615000,17.985001,18.167000,18.167000,97738
2019-08-30,18.195000,18.410000,18.020000,18.184999,18.184999,22272
2019-09-01,null,null,null,null,null,null
2019-09-03,18.450001,19.225000,18.250000,19.079000,19.079000,1479
2019-09-04,19.215000,19.540001,19.215000,19.391001,19.391001,828
2019-09-05,19.485001,19.485001,18.424999,18.656000,18.656000,462
2019-09-06,18.629999,18.684999,17.968000,17.968000,17.968000,386
2019-09-08,null,null,null,null,null,null
2019-09-09,18.205000,18.205000,17.950001,18.018999,18.018999,343
2019-09-10,17.770000,18.084999,17.770000,18.041000,18.041000,517
2019-09-11,18.065001,18.070000,18.030001,18.031000,18.031000,190
2019-09-12,18.070000,18.165001,18.030001,18.041000,18.041000,320
2019-09-13,18.004999,18.004999,17.405001,17.436001,17.436001,135
2019-09-15,null,null,null,null,null,null
2019-09-16,17.780001,17.900999,17.780001,17.900999,17.900999,201
2019-09-17,18.016001,18.016001,18.016001,18.016001,18.016001,40
2019-09-18,17.795000,17.795000,17.795000,17.795000,17.795000,99
2019-09-19,17.815001,17.815001,17.725000,17.773001,17.773001,4
2019-09-20,17.754999,17.950001,17.738001,17.738001,17.738001,135
2019-09-22,null,null,null,null,null,null
2019-09-23,18.215000,18.600000,18.209999,18.600000,18.600000,53
2019-09-24,18.520000,18.520000,18.517000,18.517000,18.517000,75
2019-09-25,18.570000,18.570000,17.962000,17.962000,17.962000,3
2019-09-26,17.910000,17.910000,17.801001,17.801001,17.801001,26
2019-09-27,17.820000,17.830000,17.330000,17.552000,17.552000,1389
2019-09-29,null,null,null,null,null,null
2019-09-30,17.495001,17.504999,16.898001,16.898001,16.898001,227
2019-10-01,16.924999,17.260000,16.924999,17.202000,17.202000,33
2019-10-02,17.174999,17.591999,17.155001,17.591999,17.591999,77
2019-10-03,17.504999,17.635000,17.450001,17.584999,17.584999,44
2019-10-04,17.440001,17.540001,17.320000,17.540001,17.540001,42
2019-10-06,null,null,null,null,null,null
2019-10-07,17.450001,17.530001,17.450001,17.457001,17.457001,27
2019-10-08,17.639999,17.639999,17.617001,17.617001,17.617001,8
2019-10-09,17.728001,17.750000,17.719999,17.728001,17.728001,2
2019-10-10,17.600000,17.600000,17.490000,17.520000,17.520000,4
2019-10-11,17.594999,17.594999,17.350000,17.462000,17.462000,2
2019-10-13,null,null,null,null,null,null
2019-10-14,17.525000,17.634001,17.525000,17.634001,17.634001,5
2019-10-15,17.455000,17.455000,17.308001,17.308001,17.308001,3
2019-10-16,17.219999,17.351000,17.174999,17.351000,17.351000,23
2019-10-17,17.299999,17.535999,17.299999,17.535999,17.535999,115
2019-10-18,17.469999,17.502001,17.465000,17.502001,17.502001,8
2019-10-20,null,null,null,null,null,null
2019-10-21,17.510000,17.530001,17.504999,17.525999,17.525999,30
2019-10-22,17.490000,17.490000,17.437000,17.437000,17.437000,18
2019-10-23,17.485001,17.559999,17.485001,17.517000,17.517000,51
2019-10-24,17.739000,17.739000,17.739000,17.739000,17.739000,27
2019-10-25,17.861000,17.945000,17.861000,17.861000,17.861000,23
2019-10-27,null,null,null,null,null,null
2019-10-28,17.889999,17.889999,17.770000,17.816000,17.816000,18
2019-10-29,17.771000,17.771000,17.771000,17.771000,17.771000,60
2019-10-30,17.790001,17.820000,17.715000,17.815001,17.815001,74
2019-10-31,18.014000,18.014000,18.014000,18.014000,18.014000,29
2019-11-01,18.030001,18.030001,18.004000,18.004000,18.004000,78
2019-11-03,null,null,null,null,null,null
2019-11-04,18.014000,18.014000,18.014000,18.014000,18.014000,13
2019-11-05,18.025000,18.025000,17.516001,17.516001,17.516001,23
2019-11-06,17.525000,17.558001,17.370001,17.558001,17.558001,2
2019-11-07,17.540001,17.565001,16.969999,16.969999,16.969999,45
2019-11-08,16.844999,16.875000,16.764999,16.783001,16.783001,5
2019-11-10,null,null,null,null,null,null
2019-11-11,16.674999,16.761999,16.674999,16.761999,16.761999,31
2019-11-12,16.799999,16.805000,16.674999,16.677000,16.677000,5
2019-11-13,16.764999,16.898001,16.764999,16.898001,16.898001,28
2019-11-14,16.870001,17.013000,16.870001,17.013000,17.013000,7
2019-11-15,16.959999,16.969999,16.799999,16.933001,16.933001,14
2019-11-17,null,null,null,null,null,null
2019-11-18,16.985001,16.985001,16.985001,16.985001,16.985001,7
2019-11-19,17.103001,17.103001,17.103001,17.103001,17.103001,0
2019-11-20,17.100000,17.100000,17.100000,17.100000,17.100000,0
2019-11-21,17.049999,17.049999,17.049999,17.049999,17.049999,0
2019-11-22,16.985001,16.985001,16.985001,16.985001,16.985001,0
2019-11-24,null,null,null,null,null,null
2019-11-25,16.871000,16.871000,16.871000,16.871000,16.871000,0
2019-11-26,17.030001,17.030001,17.030001,17.030001,17.030001,0
2019-11-27,17.059999,17.065001,16.875000,16.912001,16.912001,84255
2019-11-29,null,null,null,null,null,null
2019-12-01,null,null,null,null,null,null
2019-12-02,16.915001,16.920000,16.785000,16.836000,16.836000,1598
2019-12-03,16.860001,17.160000,16.809999,17.125000,17.125000,343
2019-12-04,17.115000,17.240000,16.754999,16.797001,16.797001,381
2019-12-05,16.840000,16.941999,16.780001,16.941999,16.941999,287
2019-12-06,16.820000,16.825001,16.465000,16.481001,16.481001,261
2019-12-08,null,null,null,null,null,null
2019-12-09,16.475000,16.559999,16.469999,16.532000,16.532000,159
2019-12-10,16.555000,16.610001,16.555000,16.596001,16.596001,142
2019-12-11,16.545000,16.830000,16.545000,16.743999,16.743999,188
2019-12-12,16.830000,17.014999,16.740000,16.844999,16.844999,84
2019-12-13,16.879999,16.912001,16.825001,16.912001,16.912001,61
2019-12-15,null,null,null,null,null,null
2019-12-16,16.980000,17.018999,16.940001,17.018999,17.018999,23
2019-12-17,16.995001,17.000000,16.975000,16.978001,16.978001,75
2019-12-18,16.985001,17.000000,16.844999,16.952999,16.952999,103
2019-12-19,16.985001,17.075001,16.975000,17.058001,17.058001,45
2019-12-20,17.180000,17.180000,17.128000,17.128000,17.128000,987
2019-12-22,null,null,null,null,null,null
2019-12-23,17.355000,17.410000,17.355000,17.403000,17.403000,1
2019-12-24,null,null,null,null,null,null
2019-12-26,17.910000,17.985001,17.879999,17.893999,17.893999,3
2019-12-27,17.930000,17.930000,17.849001,17.849001,17.849001,53
2019-12-29,null,null,null,null,null,null
2019-12-30,17.900000,17.910000,17.850000,17.908001,17.908001,430
2019-12-31,18.065001,18.065001,17.799999,17.827999,17.827999,89
2020-01-02,17.966000,17.990000,17.966000,17.966000,17.966000,232
2020-01-03,18.110001,18.110001,17.965000,18.068001,18.068001,2
2020-01-05,18.170000,18.344999,18.170000,18.215000,18.215000,276360
2020-01-06,18.025000,18.105000,18.025000,18.097000,18.097000,83
2020-01-07,18.014999,18.344999,18.014999,18.316000,18.316000,3
2020-01-08,18.400000,18.504999,18.070000,18.087999,18.087999,33
2020-01-09,17.760000,17.860001,17.760000,17.860001,17.860001,31
2020-01-10,18.033001,18.033001,18.033001,18.033001,18.033001,38
2020-01-12,18.129999,18.129999,18.055000,18.075001,18.075001,43170
2020-01-13,17.969999,18.020000,17.926001,17.926001,17.926001,2
2020-01-14,17.855000,17.875000,17.674000,17.674000,17.674000,5
2020-01-15,17.923000,17.923000,17.923000,17.923000,17.923000,17
2020-01-16,17.950001,17.950001,17.875000,17.875000,17.875000,0
2020-01-17,18.013000,18.013000,18.013000,18.013000,18.013000,52
2020-01-19,18.040001,18.059999,18.020000,18.045000,18.045000,17850
2020-01-21,17.750999,17.750999,17.750999,17.750999,17.750999,67
2020-01-22,17.771000,17.771000,17.771000,17.771000,17.771000,175
2020-01-23,17.730000,17.773001,17.730000,17.773001,17.773001,0
2020-01-24,17.870001,18.056999,17.870001,18.056999,18.056999,110
2020-01-26,18.260000,18.375000,18.215000,18.245001,18.245001,141571
2020-01-27,18.000000,18.000000,18.000000,18.000000,18.000000,280
2020-01-28,17.605000,17.605000,17.402000,17.402000,17.402000,2
2020-01-29,17.450001,17.450001,17.370001,17.431000,17.431000,10
2020-01-30,17.540001,17.965000,17.540001,17.952000,17.952000,132
2020-01-31,17.972000,17.972000,17.972000,17.972000,17.972000,50
2020-02-02,18.100000,18.125000,18.020000,18.070000,18.070000,67168
2020-02-03,17.795000,17.799999,17.600000,17.639999,17.639999,1
2020-02-04,17.528000,17.528000,17.528000,17.528000,17.528000,19
2020-02-05,17.569000,17.569000,17.569000,17.569000,17.569000,154
2020-02-06,17.789000,17.789000,17.789000,17.789000,17.789000,10
2020-02-07,17.665001,17.665001,17.665001,17.665001,17.665001,0
2020-02-09,17.705000,17.760000,17.670000,17.719999,17.719999,22478
2020-02-10,17.780001,17.780001,17.757999,17.757999,17.757999,7
2020-02-11,17.695000,17.715000,17.573000,17.573000,17.573000,1
2020-02-12,17.478001,17.478001,17.478001,17.478001,17.478001,7
2020-02-13,17.600000,17.600000,17.600000,17.600000,17.600000,10
2020-02-14,17.715000,17.715000,17.715000,17.715000,17.715000,3
2020-02-16,17.725000,17.725000,17.670000,17.690001,17.690001,3033
2020-02-18,18.131001,18.131001,18.131001,18.131001,18.131001,3
2020-02-19,18.145000,18.292000,18.145000,18.292000,18.292000,3
2020-02-20,18.309000,18.309000,18.309000,18.309000,18.309000,56
2020-02-21,18.565001,18.565001,18.480000,18.521000,18.521000,3
2020-02-23,18.650000,18.795000,18.584999,18.645000,18.645000,337854
2020-02-24,18.690001,18.868000,18.690001,18.868000,18.868000,11
2020-02-25,18.183001,18.183001,18.183001,18.183001,18.183001,4
2020-02-26,17.826000,17.826000,17.826000,17.826000,17.826000,4
2020-02-27,18.020000,18.129999,17.610001,17.799999,17.799999,52702923
2020-02-28,17.690001,17.795000,16.340000,17.658001,17.658001,709
2020-03-01,16.500000,16.605000,16.389999,16.535000,16.535000,192056
2020-03-02,16.495001,16.975000,16.389999,16.386999,16.386999,458
2020-03-03,16.875000,17.320000,16.740000,16.679001,16.679001,307
2020-03-04,17.190001,17.245001,17.049999,17.129000,17.129000,73
2020-03-05,17.155001,17.405001,17.120001,17.187000,17.187000,66
2020-03-06,17.459999,17.485001,17.000000,17.341999,17.341999,52
2020-03-08,17.490000,17.615000,17.420000,17.530001,17.530001,265660
2020-03-09,17.434999,17.434999,16.570000,17.214001,17.214001,46
2020-03-10,16.850000,17.145000,16.764999,17.000999,17.000999,97
2020-03-11,16.855000,16.860001,16.639999,16.906000,16.906000,152
2020-03-12,16.430000,16.615000,15.600000,16.729000,16.729000,51
2020-03-13,15.455000,15.890000,14.425000,14.685000,14.685000,69801562
2020-03-15,15.100000,15.245000,14.735000,14.765000,14.765000,656892
2020-03-16,15.100000,15.245000,11.770000,14.500000,14.500000,134597
2020-03-17,12.860000,13.230000,12.110000,12.816000,12.816000,100520
2020-03-18,12.610000,12.905000,11.640000,12.495000,12.495000,109368
2020-03-19,11.975000,12.330000,11.760000,11.772000,11.772000,71565
2020-03-20,12.125000,13.095000,12.005000,12.134000,12.134000,74438
2020-03-22,12.615000,12.670000,12.290000,12.455000,12.455000,278175
2020-03-23,12.595000,13.835000,12.455000,13.835000,13.835000,35238200
2020-03-24,13.875000,14.845000,13.220000,14.775000,14.775000,60624411
2020-03-25,14.520000,14.930000,14.205000,14.650000,14.650000,39273822
2020-03-26,14.590000,14.980000,14.410000,14.570000,14.570000,25601434
2020-03-27,14.760000,14.810000,14.335000,14.625000,14.625000,25235873
2020-03-29,14.700000,14.710000,14.470000,14.560000,14.560000,185625
2020-03-30,14.100000,14.405000,13.945000,14.155000,14.155000,35534869
2020-03-31,14.275000,14.500000,14.055000,14.135000,14.135000,24483768